Producers,Headquarters,Value chain,Website,Species,Production process,Industry (Applications),Industry subsector tags,Investors,Association focus,Founding year,Start-up/scale-up?,Total disclosed investments since 2020,Development stage
4 Season Company,Australia,"Applications,Farming & harvesting",https://fourseasonco.com.au/,Ulva sp.,Wild harvesting,Feed,,,,,,$0,
7 Fathoms Seaweed Skin Care,Canada,Applications,https://www.7fathomsseaweedskincare.ca/,Laminaria digitata,,Personal care,,,,2020,,$0,
12 Tides (failed),USA,Applications,,,,Food,Snacks and seasoning,Katapult Ocean,,2019,checked,$0,Failed / Zombie
A-Culture,Australia,Farming & harvesting,https://a-culture.com.au/,Asparagopsis sp.,"Aquaculture,IMTA,Onshore",Feed,Livestock methane reduction,,,,,$0,
Abagold,South Africa,Farming & harvesting,https://www.abagold.com/,"Ulva sp.,Gracilaria sp.","Aquaculture,IMTA,Onshore",Feed,,,,,,$0,
Abakus Foods (now Emily/Nurture Brands),UK,Applications,,,,Food,Snacks and seasoning,,,2016,checked,$0,Acquired / Merged
Abaplas,Mexico,Applications,http://abaplas.com/,Sargassum sp.,,Bioplastics / biomaterials,,,,,,$0,
Aber Actives,France,Processing,https://www.aberactives.com/,,,,Biorefinery,,,2022,checked,$0,Research / product development
Abrimar,UK,Lab analysis,https://www.linkedin.com/in/abrimar-ltd-40a250226/,,,,,,,2020,,$0,
Abundigro (Ukelp),Netherlands,Applications,https://www.ukelp.com/,Ecklonia maxima,,Plant & soil nutrition,,,,2021,checked,$0,Validation / Traction
Acadian Seaplants,Canada,"Farming & harvesting,Applications",https://www.acadianseaplants.com/,"Ascophyllum nodosum,Chondrus crispus,Palmaria sp.","Aquaculture,Onshore,Wild harvesting","Plant & soil nutrition,Feed,Food,Nutraceuticals",,,,1981,checked,$0,Mature / Public
Acuisur,Peru,"Conservation & restoration,Farming & harvesting,Applications",http://acuisurperu.com/,,"Aquaculture,Wild harvesting","Food,Nutraceuticals",,,,2010,,$0,
Additive.earth,UK,,https://additive.earth/,,,,,,,2023,,$0,
AEP Colloids,USA,Applications,https://www.aepcolloids.com/,,,Hydrocolloids,"Agar,Alginate,Carrageenan",,,,,$0,
Afrakari,South Africa,Applications,https://www.afrakari.co.za/,,,Personal care,,,,,,$0,
Africa Seaweed Ventures,Nigeria,Farming & harvesting,https://africaseaweedventures.com/,,,,,,,2023,checked,$0,Research / product development
Afrikelp (Taurus Kelp / Compo),South Africa,Applications,https://afrikelp.com/,"Ecklonia maxima,Gelidium sp.",,"Plant & soil nutrition,Feed",,,,1971,checked,$0,Scale-up / Industrialisation
Afro Nature Co.,Tanzania,Applications,https://afronature.co.tz/,Eucheuma denticulatum,,"Nutraceuticals,Personal care",,Elevate Blue,,2023,checked,$0,Pilot / Demonstration
Agar del Pacifico,Chile,Applications,https://www.agarpac.com/,,,Hydrocolloids,Agar,,,,,$0,
Agar Sari Jaya,Indonesia,Applications,https://www.agarsarijaya.com/,,,Hydrocolloids,Agar,,,1998,,$0,
Agar Swallow,Indonesia,Applications,https://agarswallow.com/,,,Hydrocolloids,Agar,,,,,$0,
Agargel,Brazil,"Farming & harvesting,Applications",https://agargel.com.br/,,Wild harvesting,Hydrocolloids,Agar,,,,,$0,
Agarindo Bogatama,Indonesia,Applications,https://www.indonesiaseaweed.com/company/agarindo-bogatama/,,,Hydrocolloids,Agar,,,,,$0,
Agarka,Indonesia,Farming & harvesting,https://www.instagram.com/agarkarimun/,Kappaphycus alvarezii,,,,,,,,$0,
Agarmex,Mexico,Applications,https://www.agarmex.com/,,,Hydrocolloids,"Agar,Carrageenan",,,,,$0,
Agoprene,Norway,Applications,https://www.agoprene.com/,,,Bioplastics / biomaterials,Foams,BioInnovation Institute,,2020,checked,"$560,000",Pilot / Demonstration
Agrabah Ventures,Philippines,Farming & harvesting,https://agrabah.ph/,Kappaphycus alvarezii,"Aquaculture,Nearshore",,,,,,,$0,
Agriges,Italy,Applications,https://www.agriges.com/,Ascophyllum nodosum,,Plant & soil nutrition,,,,,,$0,
Agrimer,France,"Farming & harvesting,Applications",https://www.agrimer.com/en/agriculture/,"Ascophyllum nodosum,Chondrus crispus,Fucus sp.,Laminaria digitata,Ulva lactuca",Wild harvesting,"Personal care,Plant & soil nutrition,Food,Feed",Livestock feed,,,,,$0,
Agrisea,New Zealand,Farming & harvesting,https://agrisea.co.nz/,Ecklonia radiata,Wild harvesting,"Plant & soil nutrition,Feed","Bee feed,Livestock feed,Drink",,,1996,checked,$0,Scale-up / Industrialisation
Agromar,Philippines,Distribution,https://www.facebook.com/AGROMARENTERPRISESPH/,"Kappaphycus alvarezii,Eucheuma denticulatum",,,,Meloy Fund,,,,$0,
Aiko Farms,Saint Lucia,"Farming & harvesting,Applications",https://www.facebook.com/aikofarms758/,,,Nutraceuticals,,,,,,$0,
Aird Fada Seaweed Farm,UK,Farming & harvesting,https://swmid.co.uk/our-projects/aird-fada-seaweed-farm/,Saccharina latissima,Aquaculture,,,,,2021,,$0,
Akki Foods,Japan,Applications,https://akkifoods.co.jp/corporate/index.html,Sargassum sp.,,"Pharmaceuticals,Food",Fucoidans,,,,,$0,
Akua (failed),USA,Applications,https://akua.co/,,,Food,Meat substitute,"Republic,Sea Ahead,MassChallenge,Crowdfunding,Alumni Ventures Group,Fifth Down Capital,Halogen Ventures,Karmagawa,Pegasus Capital Advisors,Vibrant Ventures",,2017,checked,"$4,545,000",Failed / Zombie
Alaria AS / Seaweed AS,Norway,Farming & harvesting,https://www.seaweedfromnorway.no/,"Alaria esculenta,Laminaria sp.",Wild harvesting,Food,,,,,,$0,
Alaska Fisheries Development Foundation,USA,Multi-stakeholder platform,https://afdf.org/research-and-development/alaska-mariculture-initiative,,,,,,Growing the industry,,,$0,
Alaska Ocean Farms,USA,"Farming & harvesting,Breeding & propagation",,,,,,,,2017,,$0,
Alaska Shellfish Farms,USA,Farming & harvesting,https://www.alaskashellfish.net/,,Aquaculture,,,,,,,$0,
Alaska's Best Shellfish,USA,Farming & harvesting,https://www.alaskasbestshellfish.com/,"Saccharina latissima,Alaria marginata",Aquaculture,,,,,,,$0,
Alaskan Sea Greens,USA,Farming & harvesting,,Saccharina latissima,Aquaculture,,,,,,,$0,
Alg Seaweed,Australia,Applications,https://algseaweed.com/,,,Food,Snacks and seasoning,Seedlab Australia,,2017,checked,$0,Validation / Traction
Alga Biosciences,USA,"Farming & harvesting,Applications",https://www.alga.bio/,Asparagopsis taxiformis,Aquaculture,Feed,Livestock methane reduction,"Y Combinator,Collaborative Fund,Overview Capital,Cool Climate Collective,Pioneer Fund,Day One Ventures,BBQ Capital,Rebel Fund",,2021,checked,"$4,000,000",Research / product development
Alga Seaweed (prev. Redrose Developments),Ireland,"Farming & harvesting,Infrastructure & equipment",https://algaseaweedltd.com/,"Saccharina latissima,Ascophyllum nodosum,Laminaria digitata,Fucus serratus,Fucus vesiculosus","Aquaculture,Wild harvesting",,,"Blue Bio Value,EIT Climate-KIC,Angel investors (various),Morten Kroslid",,2014,checked,$0,Research / product development
Alga Ulisse,Italy,,https://www.algaulisse.it/en,,,,,,,,,$0,
Algabase,Spain,Applications,http://www.algabase.com/,Ulva sp.,,Personal care,,,,2014,,$0,
Algabrava,Spain,"Farming & harvesting,Breeding & propagation",https://algabrava.com/,"Ulva lactuca,Ulva intestinalis,Codium vermilara,Cystoseira sp.,Dasya spp.","Aquaculture,Nearshore,Onshore,IMTA",,,,,2019,,$0,
Algae Scope,Italy,"Farming & harvesting,Applications",https://www.algae-scope.com/,,Aquaculture,Bioplastics / biomaterials,,,,2024,,$0,
Algae Sumba Timur Lestari,Indonesia,Applications,https://id1365183554zlhe.fm.alibaba.com/company_profile.html,"Kappaphycus alvarezii,Eucheuma denticulatum",,Hydrocolloids,Carrageenan,,,,,$0,
Algaebra,Sweden,Distribution,https://www.algaebra.eu/,,,,,,,2024,checked,$0,Research / product development
AlgaeCal,USA,Farming & harvesting,https://www.algaecal.com/,Lithotamnium superpositum,,,,,,,,$0,
Algaemech,Netherlands,Infrastructure & equipment,http://algaemech.com/,,,,,,,,,$0,
Algaia,France,Applications,https://www.algaia.com/,"Laminaria digitata,Laminaria hyperborea,Ascophyllum nodosum,Lessonia trabeculata,Macrocystis sp.",Wild harvesting,"Plant & soil nutrition,Hydrocolloids","Alginate,Carrageenan","Maabarot,Demeter Partners,Supernova Invest,SAPEC,JRS",,2016,checked,"$2,600,000",Scale-up / Industrialisation
Algalindo Perdana,Indonesia,Applications,https://algalindoperdana.com/,,,Hydrocolloids,Carrageenan,,,,,$0,
Algamar Espana,Spain,"Farming & harvesting,Applications",https://algamar.com/en/,"Gelidium sesquipedale,Himanthalia sp.,Laminaria sp.,Palmaria sp.,Porphyra sp.,Undaria sp.",Wild harvesting,"Hydrocolloids,Food",Agar,,,,,$0,
Algamar Mexico (Alamarsa S.A. de C.V.),Mexico,"Farming & harvesting,Applications",,"Macrocystis pyrifera,Ecklonia sp.",Wild harvesting,"Plant & soil nutrition,Personal care,Feed,Nutraceuticals","Aquafeed,Livestock feed",Ocean Rainforest,,2009,,$0,
Alganex,Germany,Distribution,https://alganex.com/,,,,,Rockstart Agrifood,,2020,checked,$0,Validation / Traction
Algapelago,UK,"Farming & harvesting,Applications",https://www.algapelago.com/,Saccharina latissima,"Aquaculture,IMTA","Feed,Plant & soil nutrition",,,,2022,checked,$0,Pilot / Demonstration
ALGAplus Lda,Portugal,Farming & harvesting,https://www.algaplus.pt/,"Codium tomentosum,Gracilaria gracilis,Palmaria palmata,Porphyra dioica,Porphyra umbilicalis,Ulva rigida","Aquaculture,Onshore",,,SAPEC,,2012,checked,$0,Validation / Traction
AlgAran,Ireland,"Farming & harvesting,Applications",https://www.seaweedproducts.ie/,"Alaria esculenta,Chondrus crispus,Himanthalia elongata,Laminaria digitata,Palmaria palmata,Porphyra umbilicalis,Ulva sp.",Wild harvesting,"Food,Personal care",,,,2004,,$0,
Algas Chile,Chile,Farming & harvesting,https://www.algaschile.com/,"Macrocystis pyrifera,Chondracanthus chamissoi,Lessonia sp.",Aquaculture,,,,,2014,,$0,
Algas de Asturias,Spain,Farming & harvesting,http://organicseafarmers.com/,Saccharina latissima,Aquaculture,,,,,,,$0,
Algas de Penha,Brazil,Applications,https://algasdepenha.com/,Kappaphycus alvarezii,,Plant & soil nutrition,,,,,,$0,
Algas La Patrona,Spain,Farming & harvesting,https://algaslapatrona.com/en/,Saccharina sp.,Wild harvesting,Food,,,,,,$0,
Algas Organics,Saint Lucia,"Farming & harvesting,Applications",https://www.algasorganics.com/,Sargassum sp.,Wild harvesting,"HABs,Plant & soil nutrition",,"Solyco Capital,Blue Bio Value,Seaworthy Collective",,2014,checked,$0,Scale-up / Industrialisation
Algas Pacific,Mexico,"Farming & harvesting,Applications",https://algaspacific.com/,,,Plant & soil nutrition,,,,,,$0,
Algas Panameñas,Panama,Farming & harvesting,https://www.algaspanamenas.com/,,Nearshore,,,,,2024,,$0,
Algas Rio,Brazil,Processing,https://www.algasrio.com.br/,,,,Biorefinery,,,2024,,$0,
Algasbras,Brazil,"Farming & harvesting,Applications",https://algasbras.com.br/,Kappaphycus alvarezii,Aquaculture,"Hydrocolloids,Plant & soil nutrition",Carrageenan,,,2001,,$0,
Algastech,Brazil,Farming & harvesting,https://algastech.com.br/,Kappaphycus alvarezii,Aquaculture,"Plant & soil nutrition,Food",,,,2020,checked,$0,Validation / Traction
Algatec,Brazil,"Farming & harvesting,Applications",https://algatec.com.br/,Kappaphycus alvarezii,Nearshore,Plant & soil nutrition,,,,,,$0,
Algea (Valagro / Syngenta),Norway,"Farming & harvesting,Applications",https://www.algea.com/,Ascophyllum nodosum,Wild harvesting,"Feed,Plant & soil nutrition",Livestock feed,,,1937,checked,$0,Acquired / Merged
AlgeaNova,Dominican Republic,"Farming & harvesting,Applications",http://www.algeanova.com/,Sargassum sp.,Wild harvesting,"HABs,Paper / cardboard,Plant & soil nutrition",,,,2016,checked,$0,Validation / Traction
Algenladen GmbH,Germany,Distribution,https://www.algenladen.de/,"Ulva sp.,Undaria sp.,Porphyra sp.,Fucus sp.,Laminaria sp.,Palmaria palmata,Saccharina latissima,Chondrus crispus,Himanthalia elongata,Alaria esculenta,Ascophyllum nodosum,Codium tomentosum,Lithothamnium calcareum",,,,,,2017,checked,$0,Validation / Traction
Algenprojekt,Germany,Infrastructure & equipment,https://www.algenprojekt.de/,,"Aquaculture,Onshore",,,,,,,$0,
Algeon Materials (failed),USA,Applications,,,,Bioplastics / biomaterials,,"startBlue,Maritime Blue",,2021,checked,$0,Failed / Zombie
Algetun,Norway,Processing,https://www.algetun.no/,,,,Whole-plant,,,2016,checked,$0,Pilot / Demonstration
Algine Plus,Sweden,"Farming & harvesting,Applications",http://www.algineplus.com/algineplus.htm,,Wild harvesting,Nutraceuticals,,,,,,$0,
Alginnova,Sweden,Monitoring tech & software,https://www.alginnova.se/,,,,,,,2023,,$0,
Alginor,Norway,Processing,https://alginor.no/,Laminaria hyperborea,Wild harvesting,,Biorefinery,"EASME - EU Executive Agency for SMEs,Hatteland Group,Borregaard,European Innovation Council Fund (EIC Fund),Must Invest AS",,2014,checked,"$83,350,000",Validation / Traction
Algipharma,Norway,Applications,https://algipharma.com/,,,Pharmaceuticals,,,,2006,checked,$0,Pilot / Demonstration
ALGÓ,Iceland,"Farming & harvesting,Applications",https://algois.com/,,,Food,,,,,,$0,
Algo Paint,France,Applications,https://www.peinture-algo.fr/,,,"""Pigments, inks, dyes, coatings""",,"Amundi,EDF,Mer Invest (Banque Populaire Grand-Ouest),Crowdfunding",,2015,checked,"$3,540,000",Validation / Traction
Algo'manne,France,Farming & harvesting,https://algomanne.com/,"Alaria sp.,Himanthalia elongata,Palmaria palmata,Porphyra sp.,Saccharina latissima,Ulva sp.,Undaria Pinnatifida",Wild harvesting,Food,,,,,,$0,
Algocea,France,Farming & harvesting,https://www.algocea.com/,,Wild harvesting,Food,,,,,,$0,
Algolesko (Aleor),France,Farming & harvesting,https://www.algolesko.com/,"Saccharina latissima,Palmaria palmata","Aquaculture,IMTA",,,Crowdfunding,,2013,checked,"$1,397,433",Validation / Traction
Algologie,France,Applications,https://www.algologie.com/,,,Personal care,,,,,,$0,
Algopack,France,Applications,https://www.algopack.com/,"Sargassum sp.,Laminaria sp.",,Bioplastics / biomaterials,,,,2010,checked,$0,Validation / Traction
Algoplus,France,Farming & harvesting,https://www.algoplus-roscoff.fr/,"Laminaria digitata,Palmaria palmata,Porphyra sp.,Ulva lactuca,Undaria sp.",Wild harvesting,,,,,,,$0,
Algorythme,France,Farming & harvesting,https://algues-iledere.com/,,Wild harvesting,Food,,,,,,$0,
Algroupe (Algood),France,"Applications,Processing",https://www.algood.fr/,,,Food,,,,2019,,$0,
Algues Armorique,France,Farming & harvesting,https://algues-armorique.com/,"Alaria sp.,Chondrus crispus,Fucus sp.,Himanthalia elongata,Lithothamnium calcareum,Palmaria palmata,Porphyra sp.,Saccharina latissima,Ulva sp.,Undaria sp.",Wild harvesting,,,,,,,$0,
Alimex,Chile,Farming & harvesting,https://www.alimex.cl/alimex-in/alimex-seaweed-in,"Gigartina radula,Lessonia nigrescens,Lessonia trabeculata,Durvillaea antarctica,Macrocystis pyrifera",Wild harvesting,,,,,,,$0,
Alles Alge,Germany,Multi-stakeholder platform,https://www.alles-alge.de/,,,,,,Growing the industry,,,$0,
Aloba Foods,Sweden,Applications,https://www.alobafoods.com/,,,Food,"Meat substitute,Snacks and seasoning",,,2019,,$0,
Alpha Seaweed (PT. Gemilang Berkat Nusantara),Indonesia,Farming & harvesting,https://alphaseaweed.com/,"Ulva sp.,Sargassum sp.,Gelidium sp.,Gracilaria sp.","Aquaculture,Wild harvesting",,,,,,,$0,
Alquimar,Mexico,Applications,https://alquimar.com.mx/,Sargassum sp.,,"Plant & soil nutrition,Pharmaceuticals,Hydrocolloids","Alginate,Fucoidans",,,,,$0,
Amadeite,France,"Applications,Processing",,,,Nutraceuticals,,,,2022,,$0,
Amarta Carrageenan Indonesia,Indonesia,Applications,https://www.amartacarrageenan.com/home,,,Hydrocolloids,Carrageenan,,,,,$0,
AMJ Hydrocolloids / Central Pulau Laut,Indonesia,"Farming & harvesting,Applications",https://amjhydrocolloids.com/,"Kappaphycus alvarezii,Gracilaria sp.,Eucheuma denticulatum","Nearshore,Onshore",Hydrocolloids,Carrageenan,,,,,$0,
AMO (Ako'y Magsasakang Organiko),Philippines,Applications,https://www.amoagriventures.com/,,,Plant & soil nutrition,,,,,,$0,
Andermatt,Switzerland,Applications,https://www.andermatt.com/,Ascophyllum nodosum,,Plant & soil nutrition,,,,,,$0,
Andi-Johnson Group (Fujian Ansen Marine Biotech),China,Applications,http://www.andi-johnsongroup.com/,,,Hydrocolloids,"Agar,Carrageenan",,,,,$0,
Aomori Seaweed Association,Japan,Multi-stakeholder platform,https://aomorikaisou.site/,,,,,,Producers association,,,$0,
Aotearoa New Zealand Seaweed Association,New Zealand,Multi-stakeholder platform,https://anzsa.org.nz/,,,,,,Growing the industry,,,$0,
Aqitec,Netherlands,Infrastructure & equipment,https://www.aqitec.com/,,,,,,,,,$0,
Aqua Botanika,UK,Farming & harvesting,https://www.aquabotanikafarm.co.uk/,Saccharina latissima,Aquaculture,,,,,,,$0,
Aqua Veggies,Canada,Farming & harvesting,https://aquaveggies.com/,Palmaria palmata,Wild harvesting,,,,,,,$0,
AquaBloom,Indonesia,Applications,,,,,,,,2024,checked,$0,Research / product development
Aquagri,India,"Applications,Farming & harvesting",https://aquagri.in/,,Aquaculture,"Hydrocolloids,Feed,Plant & soil nutrition,Bioplastics / biomaterials","Carrageenan,Alginate",,,2008,checked,$0,Validation / Traction
Aquamoor,UK,Infrastructure & equipment,https://www.aquamoor.co.uk/,,,,,,,,,$0,
Aquarev Industries,India,Applications,http://www.aquarev.in/,,,Hydrocolloids,Carrageenan,,,2011,,$0,
Aquavertica,Netherlands,Farming & harvesting,https://aquavertica.com/,,Onshore,,,,,2024,checked,$0,Research / product development
Aquazor,Portugal,Farming & harvesting,"https://www.europarl.europa.eu/cmsdata/197672/Presentation%20by%20Mr.%20Lopes,%20Aquazor.pdf",Codium sp.,"Aquaculture,IMTA,Onshore",,,,,2016,,$0,
Araki Seaweed Shop,Japan,Applications,https://www.arakinoriten.com/,,,Food,Dried/raw seaweed,,,,,$0,
Arbon Earth,Sweden,Farming & harvesting,https://arbon.earth/,,Aquaculture,Carbon sequestration,,,,2024,,$0,
ARCA SpA,Chile,Farming & harvesting,https://www.linkedin.com/in/robinson-araya-pizarro-b6a69155/,,,,,,,2013,,$0,
Arctic Seaweed,Norway,Farming & harvesting,https://aseaweed.com/,"Alaria esculenta,Saccharina latissima",Aquaculture,,,"Orkla,Morten Kroslid",,2017,checked,$0,Validation / Traction
Argyll Aquaculture,UK,Consulting,https://argyllaquaculture.co.uk/,,,,,,,2015,,$0,
Aristotle's Lantern (failed),USA,Conservation & restoration,,,,,Urchin removal,Sea Ahead,,2021,checked,$0,Failed / Zombie
Arramara Teo,Ireland,"Farming & harvesting,Applications",https://www.arramara.ie/,Ascophyllum nodosum,Wild harvesting,"Feed,Plant & soil nutrition",Livestock feed,,,,,$0,
Asosiasi Rumput Laut Indonesia,Indonesia,Multi-stakeholder platform,https://www.arli.or.id/,,,,,,Producers association,,,$0,
ASPERLI (Seaweed Farmers Association/Asosiasi Petani Rumput Laut),Indonesia,Multi-stakeholder platform,,,,,,,Producers association,,,$0,
Atelier des algues (Algalys),France,Applications,https://www.atelierdesalgues.com/,,,Personal care,,,,,,$0,
Atembo Co.,Japan,Applications,https://www.atembo.jp/,,,Food,Dried/raw seaweed,,,,,$0,
Athena,South Korea,Applications,http://www.athenasc.co.kr/,,,Personal care,,,,2005,checked,$0,Scale-up / Industrialisation
Atlantic Garden,UK,Applications,https://www.atlanticgarden.co.uk/,,"Wild harvesting,Aquaculture",Plant & soil nutrition,,,,2023,,$0,
Atlantic Gold Seaweed,Ireland,"Farming & harvesting,Applications",https://www.atlanticgold.eu/,Ascophyllum nodosum,Wild harvesting,Plant & soil nutrition,,,,,,$0,
Atlantic Holdfast,USA,Farming & harvesting,https://atlanticholdfast.com/,,Wild harvesting,,,,,,,$0,
Atlantic Irish Seaweed,Ireland,Farming & harvesting,https://www.atlanticirishseaweed.com/,Fucus serratus,Wild harvesting,,,,,,,$0,
Atlantic Mariculture Canada,Canada,Farming & harvesting,https://organicdulse.com/,"Palmaria palmata,Ulva sp.,Alaria sp.,Porphyra sp.",Wild harvesting,,,,,1974,,$0,
Atlantic Mariculture Scotland (Tangled Greens),UK,"Farming & harvesting,Applications",https://tangledgreens.co.uk/,"Alaria esculenta,Saccharina latissima",Aquaculture,"Food,Plant & soil nutrition",,,,2018,checked,$0,Pilot / Demonstration
Atlantic Sea Farms,USA,"Farming & harvesting,Applications",https://atlanticseafarms.com/,,Aquaculture,Food,,"Desert Bloom Food Ventures,Builders Vision,Fresh Source Capital,Third Nature Ventures,True Wealth Ventures,Maine Venture Fund",,2009,checked,"$8,185,000",Validation / Traction
Atlantis Sea-Agri Group,South Africa,Applications,https://sea-agri.com/,Ecklonia maxima,Wild harvesting,Plant & soil nutrition,,,,,,$0,
Atlas,USA,Applications,https://www.atlanticseasolutions.com/,,,"""Pigments, inks, dyes, coatings""",,,,2024,checked,$0,Research / product development
AtSeaNova NV,Belgium,Infrastructure & equipment,https://atseanova.com/,,Wind/solar park multi-use,,,,,2016,checked,$0,Validation / Traction
Aurelis,Denmark,"Farming & harvesting,Applications",http://aurelis.dk/,"Kappaphycus alvarezii,Saccharina latissima,Palmaria palmata","Aquaculture,Nearshore,Onshore",Food,,,,2018,checked,$0,Pilot / Demonstration
Auskelp,Australia,Farming & harvesting,https://www.auskelp.net/,Ecklonia radiata,Aquaculture,,,,,2019,checked,$0,Research / product development
Austevoll Seaweed Farm (Flyt Seaweed),Norway,Farming & harvesting,https://www.flytseaweed.com/,Saccharina latissima,Aquaculture,Food,,,,2013,,$0,
Australian Kelp Products,Australia,"Farming & harvesting,Applications",http://auskelp.com.au/,,Wild harvesting,"Plant & soil nutrition,Feed",,,,,,$0,
Australian Seaweed Institute,Australia,Multi-stakeholder platform,https://www.australianseaweedinstitute.com.au/,,,,,,Growing the industry,,,$0,
Australian Sustainable Seaweed Alliance,Australia,Multi-stakeholder platform,https://www.seaweedalliance.org.au/,,,,,,Growing the industry,,,$0,
Ayibo Food,China,"Farming & harvesting,Applications",http://www.ayibofood.com/,Porphyra yezoensis,,Food,"Dried/raw seaweed,Snacks and seasoning",,,,,$0,
Azollae ,France,Farming & harvesting,https://azollae.fr/,,IMTA,Food,,,,,,$0,
B'zeos,Norway,Applications,https://www.bzeos.com/,,,Bioplastics / biomaterials,,"Sustainable Ocean Alliance,EIT Food Accelerator Network,Blue Bio Value,EIT Climate-KIC,FIT Food Tech,ICIG Ventures,Faber",,2017,checked,$0,Pilot / Demonstration
B&V,Italy,Applications,https://www.agar.com/en/,,,Hydrocolloids,Agar,,,,,$0,
Bada Myeongga Co.,South Korea,Applications,http://wandomall.co.kr/,"Undaria sp.,Porphyra yezoensis,Sargassum fusiforme,Gloiopeltis sp.,Capsosiphon fulvescens,Ecklonia cava,Ecklonia stolonifera,Gracilaria verrucosa,Codium fragile,Saccharina japonica",,Food,,,,,,$0,
Bahari Agro Indonesia,Indonesia,Farming & harvesting,https://bahariagro.com/,"Kappaphycus alvarezii,Sargassum sp.,Gracilaria sp.","Aquaculture,Nearshore,Onshore",,,,,2011,,$0,
Bahari Labs,South Africa,Applications,https://baharilabs.com/,,Onshore,Feed,Livestock methane reduction,Oceanhub Africa,,2023,checked,$0,Research / product development
Bahari Remedies,Tanzania,Financing & insurance,https://bahariremedies.co.tz/,,,,,,,2022,checked,$0,Research / product development
Bangs Island Mussels,USA,Farming & harvesting,https://www.bangsislandmussels.com/kelp,,Aquaculture,,,,,,,$0,
Bantimurung Indah,Indonesia,Applications,http://bantimurungindah.com/,,,Hydrocolloids,Carrageenan,,,1985,,$0,
BANYU,Indonesia,"Farming & harvesting,Breeding & propagation",,,,,,Intudo Ventures,,2024,checked,"$1,250,000",Research / product development
Barnacle Foods,USA,"Farming & harvesting,Applications",https://www.barnaclefoods.com/,,"Wild harvesting,Aquaculture",Food,,Sealaska,,2016,checked,"$1,500,000",Validation / Traction
Base Co.,Japan,Applications,http://base39.jp/index.html,,,Food,Dried/raw seaweed,,,,,$0,
Beacon Farms,Cayman Islands,Applications,https://www.beaconfarmscayman.org/,Sargassum sp.,,Plant & soil nutrition,,,,,,$0,
Bee Sea Kelp,Canada,Applications,,,Wild harvesting,"Plant & soil nutrition,Personal care",,,,,,$0,
"Beijing Century Bokang Pharmaceutical Technology Co., Ltd",China,"Applications,Farming & harvesting",,Fucus sp.,,Pharmaceuticals,,,,2005,,$0,
Belize Women’s Seaweed Farmers Association,Belize,"Farming & harvesting,Applications",https://sites.google.com/view/bwsfa/home,,Aquaculture,Food,,,,,,$0,
Benjo's Seamoss,Dominica,"Farming & harvesting,Applications",https://www.instagram.com/benjosseamoss/,,"Aquaculture,Nearshore",Food,,,,2001,checked,$0,Scale-up / Industrialisation
BeoBio Teoranta / Seamegro,Ireland,"Farming & harvesting,Applications",https://seamegro.com/,"Ascophyllum nodosum,Laminaria sp.","Wild harvesting,Aquaculture,Onshore,Nearshore","Plant & soil nutrition,Feed",,,,2017,checked,$0,Validation / Traction
BettaF!sh,Germany,Applications,https://bettafish.co/,,,Food,,"Pale Blue Dot,Astanor Ventures,SAGANA,Mudcake (prev. Trellis Road),DLF Ventures",,2020,checked,$0,Validation / Traction
Better Plants,Ireland,Applications,http://betterplants.ie/,Ascophyllum nodosum,,"Plant & soil nutrition,Feed","Livestock feed,Pet food",,,,,$0,
Bia Farraige Arann Seaweed,Ireland,"Farming & harvesting,Applications",https://www.linkedin.com/company/bia-farraige-arann-seaweed/about/,,Wild harvesting,"Food,Personal care",Snacks and seasoning,,,2017,,$0,
Big Island Abalone Corporation,USA,Farming & harvesting,https://www.bigislandabalone.com/,,"Aquaculture,Onshore",,,,,,,$0,
Bio Molenez,France,"Farming & harvesting,Applications",https://www.bio-molenez.com/,"Asparagopsis armata,Chondrus sp.,Corallina sp.,Fucus sp.,Himanthalia sp.,Laminaria sp.,Palmaria sp.,Ulva sp.,Ascophyllum nodosum,Pelvetia canaliculata",Wild harvesting,Personal care,,,,,,$0,
Bioalgas,Brazil,"Farming & harvesting,Applications",https://bioalgas.com.br/,Kappaphycus alvarezii,Aquaculture,"Hydrocolloids,Plant & soil nutrition",Carrageenan,,,2012,,$0,
BioAtlantis Limited,Ireland,"Applications,Farming & harvesting",https://www.bioatlantis.com/,"Laminaria hyperborea,Laminaria digitata,Ascophyllum nodosum",Wild harvesting,"Feed,Nutraceuticals,Plant & soil nutrition",Livestock feed,Kernel Capital,,2004,checked,$0,Mature / Public
biobentos,Chile,"Processing,Applications",https://www.biobentos.cl/,Macrocystis pyrifera,,Plant & soil nutrition,,,,2022,checked,$0,Validation / Traction
Biocean,France,Farming & harvesting,https://www.biocean-algues-marines.com/,"Fucus vesiculosus,Himanthalia elongata,Palmaria palmata,Porphyra sp.,Saccharina latissima,Ulva lactuca,Undaria sp.,Codium sp.,Laminaria ochroleuca,Laminaria hyperborea,Undaria Pinnatifida,Pelvetia canaliculata,Ascophyllum nodosum,Halydris siliquosa,Cystoseira sp.,Chondrus crispus,Delesseria sanguinea,Dilsea carnosa,Corallina sp.,Gigartina stellata",Wild harvesting,,,,,,,$0,
Bioform,Canada,Applications,https://bioformtech.com/,,,Bioplastics / biomaterials,,"Ramen Ventures,Nelson Investments,Agribusiness Advisors,Sustainable Development Technology Canada,Something Good Ventures,Suzano Ventures",,2019,checked,"$5,000,000",Pilot / Demonstration
BioLabMate,Canada,Applications,https://www.biolabmate.ca/,,,Bioplastics / biomaterials,,"Blue Bio Value,Ocean Startup Challenge",,2023,checked,$0,Research / product development
Biomara,UK,"Applications,Processing",https://www.biomara.tech/,,,"Nutraceuticals,Pharmaceuticals",Biorefinery,Blue Bio Value,,2022,checked,"$650,000",Pilot / Demonstration
Biomarine,France,Multi-stakeholder platform,http://biomarine.org/,,,,,,Growing the industry,,,$0,
Biomaya,Mexico,"Farming & harvesting,Applications",https://www.biomaya.mx/,Sargassum sp.,Wild harvesting,"Personal care,HABs",,,,2020,,$0,
Biome Algae Ltd.,UK,"Farming & harvesting,Monitoring tech & software",https://biomealgae.co.uk/,,"Aquaculture,Offshore",,,Bright Tide Ocean/Blue Carbon Accelerator,,2018,checked,$0,Pilot / Demonstration
Bionema,UK,Applications,https://bionema.com/,Sargassum sp.,,Plant & soil nutrition,,,,,,$0,
Biopac,Indonesia,"Applications,Farming & harvesting",https://biopac.id/,,,Bioplastics / biomaterials,,,,2019,checked,$0,Validation / Traction
BioPilotsUK,UK,"Research,Processing",https://biopilotsuk.com/,,,,Biorefinery,,,,,$0,
BioPlaster Research,Mexico,Applications,https://www.bioplaster-research.com/,Sargassum sp.,,"Bioplastics / biomaterials,HABs",,Blue Bio Value,,2024,checked,$0,Research / product development
BioPrime Agri,India,Applications,https://bioprimeagri.com/,,,Plant & soil nutrition,,,,,,$0,
Biorma ,Venezuela,Farming & harvesting,http://biormaaquaculture.com/,"Kappaphycus alvarezii,Eucheuma denticulatum","Aquaculture,Wild harvesting",,,,,,,$0,
Biosea Health (Marine Algae Products),Philippines,"Farming & harvesting,Applications",https://bioseahealth.com/,,Aquaculture,Nutraceuticals,,,,2019,checked,$0,Validation / Traction
Biostadt,India,Applications,https://www.biostadt.com/,Ascophyllum nodosum,,Plant & soil nutrition,,,,1986,checked,$0,Mature / Public
Biotech Marine (Seppic),France,Farming & harvesting,https://www.seppic.com/en/about-us/production-sites/pontrieux-france,,Wild harvesting,Personal care,,,,,,$0,
Biotechnica,UK,Applications,https://www.biotechnica.co.uk/,Ascophyllum nodosum,,Plant & soil nutrition,,,,1993,checked,$0,Mature / Public
Biotic / Bio-Circular,Israel,Applications,https://biotic-labs.com/,,,Bioplastics / biomaterials,,"MassChallenge,Rockstart Agrifood,EIT Food Accelerator Network,Cambridge Agritech,Paseo Rosales,TenNine.vc,The Yield Lab Asia Pacific,UM6P Ventures (OCP),Norfolk Green Ventures,Blue Bio Value,Sea Ahead",,2020,checked,"$2,000,000",Pilot / Demonstration
Birufinery,Indonesia,"Applications,Farming & harvesting",https://birufinery.com/,,,Plant & soil nutrition,,,,2024,checked,$0,Research / product development
BLG / Shanghai Brilliant Gums,China,Applications,https://en.sh-blg.com/,,,Hydrocolloids,"Carrageenan,Agar",,,1996,,$0,
Bloom,USA,Applications,https://www.linkedin.com/posts/bloom-materials_a-seaweed-blob-twice-the-width-of-the-us-activity-7049488638853668864-XGNV/,Sargassum sp.,,Bioplastics / biomaterials,Foams,,,2023,checked,$0,Research / product development
BLUABLE,Japan,Conservation & restoration,https://www.fujitsu.com/global/about/resources/news/press-releases/2024/1203-01.html,,,Carbon sequestration,,,,2024,checked,$0,Pilot / Demonstration
Blue Carbon Japan,Japan,Conservation & restoration,https://bluecarbon.jp/,,,,,,,,,$0,
Blue Conservation Services,Australia,Consulting,https://blueconservation.com.au/,,,Carbon sequestration,,,,,,$0,
Blue Dot Sea Farms,USA,Farming & harvesting,https://bluedotseafarms.com/,,"Aquaculture,IMTA",Food,,Maritime Blue,,2018,checked,$0,Validation / Traction
Blue Evolution,USA,Farming & harvesting,https://blueevolution.com/,,Aquaculture,,,,,2013,checked,$0,Validation / Traction
Blue Fields,Sweden,Farming & harvesting,https://www.bluefields.se/,,,,,,,2022,,$0,
Blue Food,Sweden,"Multi-stakeholder platform,Research",https://www.kth.se/bluefood,,,,,,Research platform,,,$0,
Blue Green Mexico (Sargablocks),Mexico,"Farming & harvesting,Applications",http://blue-green.com.mx/,Sargassum sp.,Wild harvesting,"Construction,HABs",,,,,,$0,
Blue Harvest Technologies,Norway,Infrastructure & equipment,https://www.blueharvesttechnologies.com/,,,,,,,2024,,$0,
Blue Horizon BioMarine Innovations,Sweden,Farming & harvesting,https://www.bluehorizonbiomarine.com/https://www.bluehorizonbiomarine.com/,,,,,,,2024,,$0,
Blue Meadow (failed),USA,Monitoring tech & software,,,,,,Sea Ahead,,2021,checked,$0,Failed / Zombie
Blue Ocean Barns,USA,"Applications,Farming & harvesting",https://www.brominata.com/,Asparagopsis sp.,Aquaculture,Feed,Livestock methane reduction,"Elemental Excelerator,Valor Siren Ventures,Tao Capital Partners",,2019,checked,"$25,000,000",Pilot / Demonstration
Blue Pet Co.,Ireland,Applications,https://bluepetco.com/,"Fucus vesiculosus,Ascophyllum nodosum",,Feed,Pet food,Leap Venture ,,2020,checked,"$200,000",Validation / Traction
Blue Pond / Redbarn Group,Thailand,Applications,https://bluepond.group/,,Aquaculture,"Plant & soil nutrition,Feed",Aquafeed,Hatch,,2020,checked,$0,Validation / Traction
Blue Silo Aquaculture,USA,Infrastructure & equipment,https://bluesiloaqua.com/,,,,,,,,,$0,
Blue Ventures,UK,Multi-stakeholder platform,https://blueventures.org/,,,,,,Improving farmers' lives,,,$0,
Blue Wave Futures,USA,Farming & harvesting,https://bluewavefutures.com/,,Aquaculture,,,,,,,$0,
blue[c]weed,France,Consulting,https://www.bluecweed.com/,,,,,,,,,$0,
BlueBlocks,Netherlands,Applications,https://www.blueblocks.nl/,,,"Bioplastics / biomaterials,Construction",,Blue Bio Value,,2018,checked,$0,Pilot / Demonstration
BlueCarbon,New Zealand,Research,https://bluecarbon.co.nz/,,,Carbon sequestration,,,,,,$0,
BlueCs (failed),Norway,Certification,,,,,Ecosystem services certificate,,,2020,checked,$0,Failed / Zombie
BlueGreenery,Belgium,Farming & harvesting,https://www.linkedin.com/in/bert-groenendaal-1205671a/,,"Onshore,Aquaculture",,,,,2024,checked,$0,Pilot / Demonstration
Blugreens,UK,"Farming & harvesting,Applications",https://www.blugreens.co.uk/,,"Nearshore,Wild harvesting,Aquaculture",,,,,,,$0,
Blusink ,UK,"Conservation & restoration,Applications",https://www.blusink.com/,Rhodoliths,,Carbon sequestration,,Lifetime Ventures,,2021,checked,"$350,000",Research / product development
Bord à Bord (Algue Service),France,Farming & harvesting,https://www.bord-a-bord.fr/?lang=fr,"Himanthalia elongata,Palmaria palmata,Porphyra sp.,Saccharina latissima,Ulva sp.,Undaria sp.",Wild harvesting,,,,,,,$0,
Born Maverick,UK,Applications,https://bornmaverick.co.uk/,,,Food,Seafood substitute,,,2020,checked,$0,Research / product development
Borneo Ocean Nauly,Indonesia,Farming & harvesting,https://oceannauly.com/,"Gracilaria sp.,Kappaphycus alvarezii",,,,,,,,$0,
Botamedi,South Korea,Applications,https://www.thebotamedi.com/,Ecklonia cava,,"Pharmaceuticals,Nutraceuticals,Personal care",,DWS,,2001,checked,$0,Validation / Traction
Brandon Bioscience,Ireland,"Farming & harvesting,Applications",https://brandonbioscience.com/,Ascophyllum nodosum,Wild harvesting,Plant & soil nutrition,,EASME - EU Executive Agency for SMEs,,,,$0,
Bretagne Cosmétiques Marins (Thalion),France,"Farming & harvesting,Applications",https://www.thalion.com/,"Chondrus crispus,Fucus vesiculosus,Laminaria digitata,Lithothamnium calcareum,Palmaria palmata,Ulva lactuca,Undaria sp.",Wild harvesting,Personal care,,,,,,$0,
Bretalg,France,Farming & harvesting,https://www.bretalg.com/,"Himanthalia elongata,Palmaria palmata,Porphyra sp.,Saccharina latissima,Ulva sp.,Undaria Pinnatifida",Wild harvesting,Food,,,,1991,,$0,
Buanatama Fajar Abadi (Pr1megum),Indonesia,Applications,https://www.pr1megum.com/,,,Hydrocolloids,Carrageenan,,,,,$0,
Byotrol Technology Ltd,UK,Applications,https://byotrolplc.com/,,,Pharmaceuticals,,,,,,$0,
C-Bio (C & B Agri),Ireland,"Farming & harvesting,Applications",https://cbio.ie/,,Wild harvesting,Plant & soil nutrition,,Mitsui,,,,$0,
C-Weed,Tanzania,Farming & harvesting,https://cweed.com/,Eucheuma denticulatum,Aquaculture,,,,,,,$0,
C-weed Aquaculture,France,"Farming & harvesting,Applications",https://www.c-weed-aquaculture.com/,"Alaria esculenta,Saccharina latissima,Undaria sp.","Aquaculture,Offshore","Personal care,Food",,,,,,$0,
C.A. Goudey & Assoc. (Tendocean),USA,Infrastructure & equipment,http://www.cagoudey.com/,,,,,,,2018,,$0,
Cahaya Cemerlang (CC Carrageenan),Indonesia,Applications,https://cahayacarrageenan.com/home-ind.html,,,Hydrocolloids,Carrageenan,,,,,$0,
Caldic,Netherlands,Applications,https://www.caldic.com/,,,Hydrocolloids,"Agar,Alginate,Carrageenan",,,,,$0,
Canadian Kelp Resources,Canada,"Farming & harvesting,Applications,Consulting",https://canadiankelp.com/,"Saccharina latissima,Nereocystis luetkeana,Laminaria sp.,Alaria sp.,Macrocystis tenuifolia","Aquaculture,Wild harvesting",Food,,,,1982,,$0,
Canadian Pacifico Seaweeds,Canada,"Farming & harvesting,Infrastructure & equipment",https://canadianpacificoseaweeds.com/,,Aquaculture,"Personal care,Food",,"Protein Industries Canada,Ocean Startup Challenge",,2018,checked,"$1,400,000",Validation / Traction
Canopy Blue,Australia,Farming & harvesting,https://canopyblue.co/,,Aquaculture,,,,,2021,checked,$0,Research / product development
CapiPro,Norway,Applications,https://www.capipro.no/,,,Feed,Aquafeed,Blue Bio Value,,2023,checked,$0,Research / product development
Captain Blankenship,USA,Applications,https://captainblankenship.com/,,,Personal care,,,,2009,,$0,
Câr-y-Môr,UK,"Farming & harvesting,Applications,Processing",https://www.carymor.wales/,,"Aquaculture,IMTA","Plant & soil nutrition,Food",,,,2018,,$0,
Carbon Blueprint,Sri Lanka,Farming & harvesting,,Kappaphycus alvarezii,Aquaculture,,,,,2023,checked,$0,Research / product development
Carbon Kapture,UK,Farming & harvesting,https://carbonkapture.com/,,,,,,,,,$0,
Carbonwave (formerly C-Combinator),USA,"Farming & harvesting,Applications,Processing",https://carbonwave.com/,Sargassum sp.,Wild harvesting,"Plant & soil nutrition,HABs,Personal care,Bioplastics / biomaterials,Textiles",Biorefinery,"Baruch Future Ventures,Incite,Sea Ahead,Vidia Ventures,For Good Ventures,Cayuse Partners,City Light,We come from the sea,Crowdfunding,Katapult Ocean,Mirova,Popular Impact Fund,Viridios Capital,Pegasus Capital Advisors,Global Fund for Coral Reefs",,2020,checked,"$17,837,547",Validation / Traction
Cargill,USA,Applications,https://www.cargill.com/food-bev/na/carrageenan,,,Hydrocolloids,"Carrageenan,Alginate",,,,,$0,
Cascadia Seaweed,Canada,"Farming & harvesting,Applications",https://www.cascadiaseaweed.com/,"Saccharina latissima,Alaria marginata,Palmaria mollis,Neoagarum,Macrocystis tenuifolia",Aquaculture,"Plant & soil nutrition,Feed",,"Norfolk Green Ventures,Bloomsbury Natural Capital,Na'-Nuk Investment Fund,Earth Tech 2050,Keiretsu Capital,CICE,SDTC,WWF,Potato Impact Partners,Vertuelab Climate Impact Fund,Real Estate Foundation of British Columbia,Realize Impact,Vere Ventures",,2019,checked,"$7,125,000",Validation / Traction
Cashi Cake (Mysaky Tokyo / Oomee),USA,Applications,https://misaky.tokyo/,,,Food,Agar,"Chiba Dojo,Coconala Skill Partners,Euglena,Headline Asia,Mitsubishi Foods,Mitsui Sumitomo Insurance Capital,SMBC Venture Capital",,2019,checked,"$4,965,000",Validation / Traction
CCMAR,Portugal,"Consulting,Research",https://ccmar.ualg.pt/en/our-services,,,,,,,,,$0,
Ceamsa,Spain,"Farming & harvesting,Applications",https://www.ceamsa.com/,,Wild harvesting,Hydrocolloids,"Carrageenan,Alginate",,,1967,,$0,
Celebes Seaweed Group,Indonesia,"Farming & harvesting,Applications",,Gracilaria sp.,Aquaculture,Hydrocolloids,Agar,,,,,$0,
Celtic Sea Minerals (Marigot),Ireland,Applications,https://celticseaminerals.com/,Lithothamnium calcareum,,"Feed,Nutraceuticals",Livestock feed,,,1991,,$0,
Central Seaweed Indonesia,Indonesia,Farming & harvesting,,"Kappaphycus alvarezii,Eucheuma denticulatum",,,,,,,,$0,
Centre for Process Innovation,UK,Research,https://www.uk-cpi.com/,,,,,,,,,$0,
CEVA,France,"Research,Consulting",https://www.ceva-algues.com/en/,,,,,,,,,$0,
Ceylon Aqua & Agri ,Sri Lanka,Farming & harvesting,https://www.ceylonaquaandagri.com/,Kappaphycus alvarezii,"Aquaculture,IMTA",,,,,2020,checked,$0,Validation / Traction
CFD Sales Inc.,Japan,Monitoring tech & software,https://robotstart.info/2021/04/20/fishing-ground-5g-surveillance-demonstration.html,,,,,,,,,$0,
CH4Global,USA,Farming & harvesting,https://www.ch4global.com/,Asparagopsis sp.,Aquaculture,Feed,Livestock methane reduction,"South Australian Research & Development Institute,New Zealand Provisional Growth Fund,DCVC / DCVC Bio,K1W1 - Stephen Tindall,Cleveland Avenue",,2019,checked,"$45,000,000",Validation / Traction
Chambre Syndicale des Algues et Végétaux Marins (French Seaweed Industry Association),France,Multi-stakeholder platform,https://www.chambre-syndicale-algues.org/,,,,,,Producers association,,,$0,
Channelled Atlantic,UK,Applications,https://www.channelledatlantic.co.uk/,,,Plant & soil nutrition,,,,2021,checked,$0,Pilot / Demonstration
Chatham Kelp,USA,Farming & harvesting,https://www.chathamkelp.com/,Saccharina latissima,,,,,,,,$0,
Cheong Jeong Co,South Korea,Applications,http://icjfood.co.kr/eng/,,,Food,"Snacks and seasoning,Dried/raw seaweed",,,,,$0,
Chudao Aquatic Food Co.,China,Farming & harvesting,https://impaqtproject.eu/an-interview-to-discover-imta-site-in-china-sanggou-bay/,Saccharina sp.,"IMTA,Aquaculture",,,,,,,$0,
CJ CheilJedang,South Korea,Applications,https://www.cj.co.kr/,,,Food,"Snacks and seasoning,Dried/raw seaweed",,,,,$0,
CleanEyre Global,Australia,"Breeding & propagation,Farming & harvesting",https://cleaneyreglobal.com/,"Asparagopsis taxiformis,Asparagopsis armata",Onshore,,Livestock methane reduction,,,2022,checked,$0,Pilot / Demonstration
ClimaCrew,India,"Breeding & propagation,Infrastructure & equipment,Monitoring tech & software,Applications",https://www.climacrew.in/,"Gracilaria dura,Kappaphycus alvarezii,Ulva sp.,Monostroma sp.",Aquaculture,Plant & soil nutrition,,,,2021,checked,$0,Pilot / Demonstration
Climate Foundation,USA,"Research,Conservation & restoration",https://www.climatefoundation.org/,,,,,,,,,$0,
Cluster Algues,France,Multi-stakeholder platform,https://www.clusteralgues-bretagne.com/,,,,,,Growing the industry,,,$0,
CMD Industries,South Africa,Processing,https://www.cmdindustries.co.za/,,,Plant & soil nutrition,Biorefinery,,,2014,checked,$0,Research / product development
Coast 4C,Australia,"Consulting,Applications,Multi-stakeholder platform",https://www.coast4c.com/,,,,,"Conservation International Ventures,Hatch",Improving farmers' lives,,,"$500,000",
Coastal BioTech,Tanzania,Applications,https://coastalbiotech.co.tz/,,,"Plant & soil nutrition,Feed",,Oceanhub Africa,,2024,checked,$0,Research / product development
Coastal Farms Australia,Australia,Farming & harvesting,https://www.coastal-farms.com/,,Aquaculture,,,,,,,$0,
Codif,France,Applications,https://www.codif-tn.com/en/,,,Personal care,,,,2002,checked,$0,Mature / Public
Cold Current Kelp,USA,"Farming & harvesting,Applications",https://coldcurrentkelp.com/,Saccharina latissima,Aquaculture,Personal care,,,,2021,,$0,
Colruyt,Belgium,Farming & harvesting,https://www.colruytgroup.com/nl/duurzaam-ondernemen/initiatieven/zeeboerderij,,"Aquaculture,IMTA",,,,,,,$0,
Connemara,Ireland,"Farming & harvesting,Applications",https://www.connemaraseaweedcompany.ie/,,Wild harvesting,"Personal care,Food,Plant & soil nutrition",,,,,,$0,
Conservas Costera,Spain,Farming & harvesting,https://www.conservascostera.com/,"Laminaria ochroleuca,Palmaria palmata,Saccharina latissima",Wild harvesting,Food,,,,,,$0,
Conservas Mar de Ardora,Spain,Farming & harvesting,https://mardeardora.es/,"Codium sp.,Himanthalia elongata,Porphyra sp.,Ulva sp.,Undaria sp.",Wild harvesting,Food,,,,,,$0,
Conservation International,USA,Conservation & restoration,https://www.conservation.org/,,,,,,,,,$0,
Coral Bioworks,Chile,Processing,https://www.coralbioworks.com/,,,,Biorefinery,Blue Bio Value,,2024,checked,$0,Research / product development
Cosmetique Thermes Marins,France,Applications,https://www.cosmetique-thermesmarins.com/en/,,,Personal care,,,,,,$0,
Cottage City Oysters,USA,Farming & harvesting,https://cottagecityoysters.com/,,"Aquaculture,IMTA",,,,,,,$0,
Cottonii Group Lda.,Timor-Leste,Farming & harvesting,https://marketdevelopmentfacility.org/wp-content/uploads/2023/08/Partner-FS_Cottonii.pdf,Kappaphycus alvarezii,Nearshore,,,,,2008,,$0,
CP Kelco,USA,"Farming & harvesting,Applications",https://www.cpkelco.com/,,Wild harvesting,Hydrocolloids,Carrageenan,,,,,$0,
Crubag,UK,Applications,https://crubag.co.uk/,,,"""Pigments, inks, dyes, coatings""",,,,,,$0,
Cultivos Marinos San Cristobal/Casan SA,Chile,Farming & harvesting,https://abalone.cl/,,"Aquaculture,Wild harvesting",,,,,2013,,$0,
Cup of Sea,USA,Applications,https://www.cupofsea.me/,,,Food,Drink,,,,,$0,
CV Maikan Prima Sipadecengi,Indonesia,Farming & harvesting,,Kappaphycus alvarezii,,,,,,,,$0,
CV. Adiwandy Hanania Mandiri,Indonesia,Farming & harvesting,,,,,,,,,,$0,
Cweed Aqua Solutions,Malaysia,"Farming & harvesting,Applications",https://drcweedaquasolutions.com/,Gracilaria sp.,Onshore,Food,,,,,,$0,
Cybercolloids,Ireland,"Applications,Consulting,Research",https://cybercolloids.net/,,,Hydrocolloids,"Alginate,Agar,Carrageenan",,,,,$0,
Daechang Food Co (Chosun Kim),South Korea,Applications,http://daechangfood.com/,,,Food,"Snacks and seasoning,Dried/raw seaweed",,,,,$0,
Daecheon Kim,South Korea,Applications,https://www.15889293.com/,,,Food,"Snacks and seasoning,Dried/raw seaweed",,,,,$0,
Daehan,South Korea,Applications,https://xn--vk1b59mxte02y.com/,,,Food,"Snacks and seasoning,Dried/raw seaweed",,,1996,,$0,
Daesang,South Korea,Applications,https://www.daesang.com/,,,Food,"Snacks and seasoning,Dried/raw seaweed",,,,,$0,
Daichu Foods Co.,Japan,Applications,http://www.daichu-foods.co.jp/,,,Food,Dried/raw seaweed,,,,,$0,
"Daishan Jili Seaweed Co., Ltd. ",China,"Applications,Farming & harvesting",http://www.jili-seaweed.com/introduction-e.htm,,,Hydrocolloids,"Iodine,Alginate",,,1998,,$0,
Dakini Tidal Wilds,Canada,Farming & harvesting,https://www.dakinitidalwilds.com/,,Wild harvesting,Food,,,,,,$0,
Dalca Innova,Chile,"Conservation & restoration,Farming & harvesting",https://en.dalcainnova.com/,Chondracanthus chamissoi,Aquaculture,,,,,2017,,$0,
Damah,South Korea,Applications,https://kiukimium.com/,,,Food,,,,,,$0,
Danish Seaweed / Dansk Tang,Denmark,Farming & harvesting,https://www.danish-seaweed.com/,"Chorda filum,Chondrus sp.,Delesseria sanguinea,Fucus serratus,Fucus vesiculosus,Furcellaria lumbricalis,Laminaria digitata,Saccharina latissima,Ulva sp.,Ascophyllum nodosum",Wild harvesting,Food,,,,,,$0,
Daybreak Seaweed (formerly Salt Point),USA,Applications,https://daybreakseaweed.com/,,,Food,Snacks and seasoning,startBlue,,2017,checked,$0,Validation / Traction
DBLP (Deliver Beyond Light & Photosynthesis),Vietnam,Farming & harvesting,https://dblp.life/,,,,,,,2021,checked,$0,Validation / Traction
Desmi,Denmark,Infrastructure & equipment,https://www.desmi.com/,,,,,,,,,$0,
Dianco México (Grupo MD),Mexico,"Farming & harvesting,Applications",https://diancomexico.com/,Sargassum sp.,Wild harvesting,"Plant & soil nutrition,Paper / cardboard",,,,,checked,$0,Scale-up / Industrialisation
Dirigo Sea Farm,USA,"Farming & harvesting,Applications",https://www.dirigoseafarm.com/,Saccharina latissima,"Aquaculture,Nearshore","Personal care,Bioplastics / biomaterials",,,,2021,,$0,
Donegal Bay Seaveg,Ireland,Farming & harvesting,https://organicseaweedireland.com/,"Alaria esculenta,Ascophyllum nodosum,Chondrus crispus,Fucus serratus,Himanthalia elongata,Laminaria digitata,Osmundea pinnatifida,Palmaria palmata,Porphyra umbilicalis,Saccharina latissima,Ulva sp.,Ulva lactuca",Wild harvesting,,,,,,,$0,
Donegall Seaweed,Ireland,"Farming & harvesting,Applications",https://www.donegalseaweed.com/,Ascophyllum nodosum,Wild harvesting,Plant & soil nutrition,,,,,,$0,
Dongwon F&B,South Korea,Applications,https://www.dongwon.com/,,,Food,"Snacks and seasoning,Dried/raw seaweed",,,,,$0,
Dora Agri,China,"Farming & harvesting,Applications",https://doraagri.com/,Ascophyllum nodosum,Wild harvesting,Plant & soil nutrition,,,,,,$0,
Drift Consulting,Australia,Consulting,https://www.driftconsulting.com.au/,,,,,,,,,$0,
Dua Sampurna,Indonesia,Farming & harvesting,,Gracilaria sp.,"Aquaculture,Onshore",,,,,,,$0,
Dutch Seaweed Group,Netherlands,Farming & harvesting,https://www.dutchseaweedgroup.com/,,Aquaculture,,,,,2020,checked,$0,Validation / Traction
Dutch Weed Burger,Netherlands,Applications,https://dutchweedburger.com/,,,Food,Meat substitute,"Livekindly Collective,Blue Horizon",,2013,checked,$0,Acquired / Merged
Dynamic Seaweed ,Italy,Consulting,https://dynamicseaweed.com,,,,,,,,,$0,
East Africa Seaweed Co.,Tanzania,Farming & harvesting,https://eastafricaseaweed.co.tz/,Eucheuma denticulatum,Aquaculture,,,,,,,$0,
East Coast Seaweeds NZ (P&S Seaweed Harvesters),New Zealand,Farming & harvesting,https://www.linkedin.com/in/simone-rankin-28a06916a/,Ecklonia radiata,Wild harvesting,,,,,,,$0,
East Neuk Seaweed,UK,Farming & harvesting,https://www.eastneukseaweed.com/,,Wild harvesting,,,,,,,$0,
Easy Harvest,Portugal,Farming & harvesting,https://www.easyharvest.pt/,"Ulva sp.,Asparagopsis sp.,Rugulopteryx okamurae,Sargassum sp.",Wild harvesting,,,,,2022,checked,$0,Research / product development
Ebb & Flow,Ireland,Applications,https://ebbandflow.ie/,,,Food,,,,2021,,$0,
Ebb Tides,UK,Farming & harvesting,https://www.ebbtides.co.uk/,,Wild harvesting,,,,,2016,,$0,
Ebbing Tides,Netherlands,Consulting,https://www.ebbing-tides.com/seaweed,,,,,,,,,$0,
Eco Cascade,UK,Processing,https://www.eco-cascade.com/,,,,Whole-plant,,,2022,,$0,
Ecology Action Centre,Canada,Multi-stakeholder platform,https://ecologyaction.ca/,,,,,,,,,$0,
Ecosphere,UK,Applications,https://ecosphereuk.com/,,,Textiles,,,,2017,checked,$0,Validation / Traction
Egojang Greenfood,South Korea,Applications,http://www.lkfood.co.kr/,,,Food,,,,,,$0,
EKO GEA,Slovenia,Applications,https://www.ekogea-int.com/,Ascophyllum nodosum,,"Feed,Plant & soil nutrition,Bioremediation / wastewater treatment,Energy",Livestock feed,,,,,$0,
Eldey Aqua,Iceland,Farming & harvesting,http://www.kelp.is/,Saccharina latissima,"IMTA,Aquaculture",,,,,2019,,$0,
electricAlgae,Israel,Applications,https://www.electric-algae.com/,,,Energy,,i4Valley,,2023,checked,$0,Research / product development
Emerald Isle Seaweed,Ireland,Farming & harvesting,https://emeraldisleseaweed.com/,"Fucus vesiculosus,Himanthalia elongata,Laminaria digitata,Palmaria palmata,Saccharina latissima",Wild harvesting,,,,,,,$0,
Emerald Seaweed Indonesia,Indonesia,Applications,https://www.indonesiaseaweed.com/company/emerald-seaweed-indonesia/,,,Hydrocolloids,Agar,,,,,$0,
Energy Algae,Israel,Farming & harvesting,https://energy-algae.com/,Sargassum sp.,Wild harvesting,"Energy,HABs",Biofuel,,,2019,checked,$0,Research / product development
Environmental Defense Fund,USA,Conservation & restoration,https://www.edf.org/,,,,,,,,,$0,
Envirostrat,New Zealand,Consulting,https://envirostrat.co.nz/,,,,,,,,,$0,
Enzalg,New Zealand,Applications,http://enzalg.co.nz/,,,"Food,Nutraceuticals",Fucoidans,,,,,$0,
Equa,Canada,Farming & harvesting,https://www.equa.ca/,"Saccharina latissima,Nereocystis luetkeana,Alaria marginata",Aquaculture,,,,,2021,,$0,
Equigel,Senegal,Farming & harvesting,https://equigelgroupesenegal.wordpress.com/,"Hypnea musciformis,Meristotheca senegalensis,Gracilaria sp.,Ulva fasciata","Aquaculture,Wild harvesting",,,,,2013,,$0,
Equil,USA,Farming & harvesting,https://www.equil.earth/,Gracilaria sp.,"Aquaculture,Onshore",,,,,2022,checked,$0,Research / product development
ER Lab / ER Soulier,France,Applications,https://www.erlab.io/,,,"HABs,Textiles",,Blue Bio Value,,2023,checked,$0,Pilot / Demonstration
Eranova,France,"Farming & harvesting,Applications",https://eranovabioplastics.com/,Ulva rigida,"Aquaculture,Wild harvesting","Bioplastics / biomaterials,HABs",,"Total Développement Régional,Symphony Environmental,Indorama Ventures",,2016,checked,"$8,400,000",Pilot / Demonstration
EstAgar,Estonia,"Farming & harvesting,Applications",https://estagar.ee/,Furcellaria lumbricalis,Wild harvesting,Hydrocolloids,Carrageenan,,,1989,,$0,
Eurocaviar,Spain,Applications,https://eurocaviar.es/en/,"Undaria Pinnatifida,Codium fragile",,Food,,,,,,$0,
Eurogum (Bang & Bonsomer),Denmark,Applications,https://eurogum.bangbonsomer.com/,,,Hydrocolloids,"Carrageenan,Alginate",,,,,$0,
European Algae Biomass Association (EABA),Italy,Multi-stakeholder platform,https://www.eaba-association.org/,,,,,,Producers association,,,$0,
Ever-Grow,South Africa,Applications,http://www.ever-grow.co.za/,,,Plant & soil nutrition,,,,,,$0,
Evergreen Labs,Vietnam,Farming & harvesting,https://www.linkedin.com/posts/evergreenlabsorg_evergreenlabs-sustainableshrimp-seaweedpower-activity-7191738722596356096-9WAC/,,"Aquaculture,IMTA",,,,,2024,,$0,
Everything Seaweed (acquired),USA,Processing,https://www.everythingseaweed.net/,,,,Biorefinery,Blue Bio Value,,2021,checked,$0,Acquired / Merged
Evoware,Indonesia,Applications,https://rethink-plastic.com/,,,Bioplastics / biomaterials,,,,2016,checked,$0,Validation / Traction
Eyre Shellfish,Australia,Breeding & propagation,http://eyreshellfish.com.au/,Asparagopsis taxiformis,,,,,,,,$0,
Falcon International,Bangladesh,Farming & harvesting,https://www.linkedin.com/in/omar-hasan-905a42120,,Aquaculture,,,,,2008,,$0,
Falconi Mare ApS,Denmark,"Consulting,Distribution",https://www.falconi-mare.dk/,,,,,,,,,$0,
Farmesa,Argentina,Applications,https://www.farmesa.com/,,,Hydrocolloids,Carrageenan,,,,,$0,
Fazenda Marinha Camiranga,Brazil,"Farming & harvesting,Applications",,Kappaphycus alvarezii,Nearshore,Plant & soil nutrition,,,,,,$0,
Fearless Fund (zombie),USA,"Infrastructure & equipment,Farming & harvesting,Processing,Applications",https://www.fearlessfund.org/,"Ulva sp.,Sargassum sp.,Ulva lactuca,Gracilaria sp.,Fucus sp.","Wild harvesting,Aquaculture,Offshore","Carbon sequestration,Energy,HABs",Biorefinery,"Angel investors (various),ARPA-E",,2017,checked,$0,Failed / Zombie
Ferda Farms,USA,"Breeding & propagation,Farming & harvesting",https://www.ferdafarms.com/,,,,,,,,,$0,
Fermbiotics,Denmark,Applications,https://fermbiotics.com/,,,"Nutraceuticals,Feed",Pet food,Plug and Play,,2017,checked,$0,Validation / Traction
Ferme Maricole Purmer,Canada,Farming & harvesting,https://ferme-purmer.com/,,,,,,,,,$0,
Fermentation Experts,Denmark,Applications,https://fermentationexperts.com/,,,Feed,,,,,,$0,
Fertipower,Portugal,Applications,https://www.fertipower.pt/,Ascophyllum nodosum,,Plant & soil nutrition,,,,,,$0,
FGS Organics,UK,"Applications,Farming & harvesting",https://www.fgsorganics.co.uk/,,Wild harvesting,Plant & soil nutrition,,,,,,$0,
Ficosterra,Spain,Applications,https://www.ficosterra.com/en/,"Macrocystis pyrifera,Laminaria sp.",,Plant & soil nutrition,,Blue Bio Value,,2016,checked,$0,Validation / Traction
Fine Foods Islandica,Iceland,"Farming & harvesting,Applications",https://finefoods.is/,,Nearshore,Food,,,,,,$0,
Fiora Mara,USA,Farming & harvesting,https://fioramara.com/,,Aquaculture,Carbon sequestration,,,,2024,checked,$0,Research / product development
Firdous Biotech,Tanzania,Applications,https://www.firdousbiotech.com/,Eucheuma denticulatum,,Plant & soil nutrition,,,,2021,checked,$0,Validation / Traction
FlexSea,UK,Applications,https://flex-sea.com/,,,Bioplastics / biomaterials,,"Blue Bio Value,MassChallenge,Undaunted / The Greenhouse,Vala Capital,Food Foundry,Sustainable Ocean Alliance,Indico Capital Partners,Btomorrow Ventures,ICON Capital,Pente Capital,RedRice Ventures",,2021,checked,"$3,650,000",Pilot / Demonstration
FMC,USA,Applications,http://www.fmc.com/,,,"Hydrocolloids,Nutraceuticals,Plant & soil nutrition","Alginate,Carrageenan",,,,,$0,
Folla Alger AS,Norway,Farming & harvesting,https://www.follaalger.no/,Saccharina latissima,"Aquaculture,IMTA",,,,,2017,,$0,
Food4Future,Poland,Processing,https://f4ftech.com/,,,,Biorefinery,,,,,$0,
Foodmate,China,Applications,https://www.foodmategroup.com/,,,Hydrocolloids,Carrageenan,,,,,$0,
Foraged & Found,USA,"Farming & harvesting,Applications",https://foragednfound.com/,,Wild harvesting,Food,Snacks and seasoning,Alaska Ocean Cluster,,2019,checked,$0,Validation / Traction
Forever Oceans,USA,Farming & harvesting,https://www.foreveroceans.com/,,"Aquaculture,IMTA",,,,,,,$0,
France Haliotis,France,Farming & harvesting,https://www.francehaliotis.com/,,"Wild harvesting,Aquaculture",Feed,,,,,,$0,
Fremantle Seaweed,Australia,Farming & harvesting,https://fremantleseaweed.com/,Asparagopsis sp.,Aquaculture,Feed,Livestock methane reduction,,,2020,,"$830,000",
Froilanchem,Philippines,Applications,https://www.facebook.com/p/Froilanchem-Corporation-100083143009610/,,,Hydrocolloids,Carrageenan,Meloy Fund,,,,$0,
"Fujian Global Ocean Biotechnology Co.,Ltd",China,Applications,http://www.globalocean-agar.com/,,,Hydrocolloids,"Agar,Carrageenan",,,2010,,$0,
Fujian Gold Swallow Ocean Biotech,China,"Farming & harvesting,Applications",,,,Hydrocolloids,"Carrageenan,Agar",,,2010,,$0,
Fujian Green Power Biotechnology Co.,China,Applications,https://www.greenpower.com.cn/,,,Hydrocolloids,Carrageenan,,,,,$0,
Fujian Shenshilan Foods,China,"Farming & harvesting,Applications",http://www.jzslchina.com/,Porphyra yezoensis,,Food,Dried/raw seaweed,,,2004,,$0,
"Fujian Yiyuan Marine Food Co., Ltd.",China,"Farming & harvesting,Applications",https://www.xiapuhaidai.com/,"Porphyra yezoensis,Saccharina latissima",,Food,Dried/raw seaweed,,,2002,,$0,
Fujicco,Japan,Applications,https://www.fujicco.co.jp/english/,,,Food,Dried/raw seaweed,,,,,$0,
Fujikuni Bussan Co. ,Japan,Applications,http://www.fujikunibussan.com/,,,Food,Dried/raw seaweed,,,,,$0,
Fukui Co.,Japan,Applications,https://nori-fukui.co.jp/,,,Food,Dried/raw seaweed,,,,,$0,
Fukuoka Ariake Sea Fisheries Cooperative Association,Japan,"Farming & harvesting,Applications",https://fukuoka-ariake.com/,,,Food,Dried/raw seaweed,,,,,$0,
Funabashi City Fisheries Cooperation,Japan,Farming & harvesting,https://www.funabashi-gyokyou.jp/,Porphyra sp.,Nearshore,,,,,,,$0,
Fundacion Valve,Peru,"Research,Multi-stakeholder platform",https://fundacionvalve.org/,,,,,,Scientific association,,,$0,
Furcella Oü (Berrichi),Estonia,Applications,https://berrichi.eu/,,,Personal care,,,,,,$0,
Futuralga,Spain,"Applications,Farming & harvesting",https://futuralga.com/,,Wild harvesting,Bioplastics / biomaterials,,"Blue Bio Value,ProtoAtlantic",,2018,checked,$0,Research / product development
FutureFeed,Australia,Applications,https://www.future-feed.com/,Asparagopsis sp.,,Feed,Livestock methane reduction,"Woolworths,GrainCorp,Harvest Road,Sparklabs Cultiv8,CSIRO",,2019,checked,"$9,340,000",Validation / Traction
Fuzhou Beautiful Agricultural Development Co.,China,Applications,https://fzseaweed.en.alibaba.com/,,,Food,Dried/raw seaweed,,,2011,,$0,
Fuzhou Wangduofu Biotechnology Co.,China,Applications,https://www.zhipin.com/companys/0b0b3ab4cd2420083nF62d-_.html,,,Food,,,,2003,,$0,
Fyki Agritech,India,Farming & harvesting,http://www.fyki.in/,"Kappaphycus alvarezii,Gelidium sp.,Gracilaria sp.",Aquaculture,,,,,2020,checked,$0,Validation / Traction
Galic Artabahari,Indonesia,Applications,https://www.ptgab.com/,,,Hydrocolloids,Carrageenan,,,,,$0,
Galic Bina Mada,Indonesia,Applications,https://galicbinamada.com/,,,Hydrocolloids,"Alginate,Carrageenan",,,,,$0,
Galuriña,Spain,Applications,https://galurina.com/,,,Food,,,,,,$0,
Gamai,Malaysia,"Farming & harvesting,Applications",https://www.tiktok.com/@latok_gamai?lang=en,Caulerpa lentillifera,"Nearshore,Onshore,Aquaculture",Food,,,,,,$0,
Gamro Seafood Association,South Korea,Applications,https://www.jobkorea.co.kr/company/45277023,,,Food,"Snacks and seasoning,Dried/raw seaweed",,,,,$0,
GaoLv Seaweed Group Co,China,"Farming & harvesting,Applications",http://www.sdgaolv.cn/en/,,"Aquaculture,IMTA,Nearshore",Food,,,,1999,,$0,
Geem,USA,Applications,https://eatgeem.com/,Porphyra sp.,,Food,Snacks and seasoning,,,2022,,$0,
Geltech Hayco Inc.,Philippines,Applications,https://www.gmdu.net/corp-776743.html,,,Hydrocolloids,Carrageenan,,,,,$0,
Gelymar,Chile,"Farming & harvesting,Applications",https://www.gelymar.com/,"Sarcothalia crispata,Sarcopeltis skottsbergii,Mazzaella laminarioides,Chondracanthus chamissoi,Chondrus crispus,Chondrus canaliculatus,Lessonia berteroana,Lessonia trabeculata,Macrocystis pyrifera,Durvillaea incurvata",Wild harvesting,Hydrocolloids,Carrageenan,,,,,$0,
Genesea,Israel,"Applications,Farming & harvesting,Processing",https://www.genesea.net/,,Aquaculture,Food,,,,2024,checked,$0,Research / product development
Get Inspired,USA,Conservation & restoration,https://getinspiredinc.org/,,,,,,,,,$0,
Gijang Mulsan Co,South Korea,"Farming & harvesting,Applications",https://www.gijangmulsan.com/,,Aquaculture,Food,"Snacks and seasoning,Dried/raw seaweed",,,,,$0,
Gimme Health Foods,USA,Applications,https://gimmeseaweed.com/,Porphyra yezoensis,,Food,Snacks and seasoning,,,2012,checked,$0,Scale-up / Industrialisation
Giwang Citra Laut,Indonesia,Applications,https://www.daftarperusahaan.com/bisnis/giwang-citra-laut-pt,,,Hydrocolloids,Agar,,,,,$0,
Glenfarrow,UK,Infrastructure & equipment,https://glenfarrow.co.uk/,,,,,,,,,$0,
Global Seaweed Coalition,France,Multi-stakeholder platform,https://www.safeseaweedcoalition.org/,,,,,,Growing the industry,,,$0,
GlobeXplore,France,Farming & harvesting,https://www.algues.fr/en/,"Himanthalia elongata,Palmaria palmata,Porphyra umbilicalis,Saccharina latissima,Ulva sp.,Undaria sp.",Wild harvesting,Food,,,,1986,,$0,
Glycomar,UK,Research,https://www.glycomar.com/,,,Pharmaceuticals,,,,,,$0,
Goa Ventures,Netherlands,Processing,https://goa-ventures.com/,,,"Energy,Food",Biorefinery,"Seventure Partners,Blue Forward Fund",,2016,checked,$0,Pilot / Demonstration
Godbawi,South Korea,Applications,https://www.godbawee.com/,,,Food,"Snacks and seasoning,Dried/raw seaweed",,,,,$0,
Goemar (Arysta),France,Applications,https://www.linkedin.com/company/laboratoires-go-mar/,Ascophyllum nodosum,,Plant & soil nutrition,,,,1971,checked,$0,Acquired / Merged
Golden Era,India,Applications,https://goldenera.org.in/,,,"Nutraceuticals,Plant & soil nutrition,Feed,Personal care",Aquafeed,,,2020,checked,$0,Validation / Traction
Gowanus Canal Kelp Farm / RETI Center,USA,Research,https://gothamist.com/news/gowanus-canal-kelp-farm-celebrates-its-first-commercial-harvest,Saccharina latissima,,,,,,,,$0,
Gracias-Algas,Chile,Farming & harvesting,https://gracias-algas.com/en/,"Lessonia sp.,Durvillaea antarctica",Wild harvesting,,,,,1992,,$0,
Gracilarias de Panama,Panama,Farming & harvesting,https://gracilarias.org/,"Gracilaria sp.,Kappaphycus alvarezii,Eucheuma denticulatum",Aquaculture,,,,,,,$0,
Green Angel,Ireland,Applications,https://www.greenangel.com/,,,Personal care,,,,2006,,$0,
Green Aqua Company,Portugal,"Infrastructure & equipment,Processing",https://greenaqua.pt/,,,,Biorefinery,,,2021,checked,$0,Pilot / Demonstration
Green Aqua Farm (failed),Singapore,Farming & harvesting,,Caulerpa lentillifera,Aquaculture,Food,,,,2020,checked,$0,Failed / Zombie
Green Gravel Action Group,Australia,Conservation & restoration,https://www.greengravel.org/,,,,,,,,,$0,
Green Petroleum,Australia,Consulting,https://green-petroleum.net/,,,,,,,,,$0,
Greener Grazing,Portugal,"Farming & harvesting,Infrastructure & equipment",https://www.greenergrazing.org/,Asparagopsis sp.,"Aquaculture,Offshore,IMTA",Feed,Livestock methane reduction,"Australis Aquaculture,Packard Foundation,Asian Development Bank",,2018,checked,"$15,000,000",Pilot / Demonstration
Greenfresh (Fujian Province Lvqi Food Colloid),China,"Applications,Farming & harvesting",https://www.greenfreshfood.com/,,,Hydrocolloids,"Agar,Carrageenan",,,1995,checked,$0,Mature / Public
GreenWave,USA,"Breeding & propagation,Multi-stakeholder platform",https://www.greenwave.org/,,,,,,Growing the industry,2014,,$0,
Grisea,Brazil,Applications,https://www.grisea.com.br/,,,Bioplastics / biomaterials,,,,2021,checked,$0,Research / product development
Grogenics,Monaco,"Farming & harvesting,Applications",https://www.grogenics.eco/,Sargassum sp.,Wild harvesting,"Plant & soil nutrition,Energy,HABs",Biochar / hydrochar,,,2018,checked,$0,Validation / Traction
Groupe Roullier (Timac Agro),France,Applications,https://www.timacagro.com/,Ascophyllum nodosum,,Plant & soil nutrition,,,,,,$0,
Grow-Trees,India,Multi-stakeholder platform,https://thefishsite.com/articles/seaweed-farming-initiative-launched-in-india,,,,,,Improving farmers' lives,,,$0,
GSI Creos,Japan,Applications,https://kosyohin.gsi.co.jp/ja/material/material-1181166498380903350.html,,,Personal care,,,,,,$0,
"Guangdong Hizense Seaweed Biological Technology Co., Ltd",China,"Applications,Farming & harvesting",,Gracilaria sp.,Aquaculture,Hydrocolloids,Agar,,,1986,,$0,
Guernsey Seaweed / The Seaweed Food Company,UK,"Farming & harvesting,Applications",https://theseaweedfoodcompany.com/,,Wild harvesting,"Personal care,Food",,,,,,$0,
Gyoren Hokko,Japan,Applications,http://www.g-hokko.co.jp/en/index.html,,,Food,Dried/raw seaweed,,,,,$0,
Haechomiin,South Korea,Applications,http://haechomiin.com/,,,Food,,,,,,$0,
Haeckels,UK,Applications,https://www.haeckels.co.uk/,,,Personal care,,Estée Lauder,,2012,,$0,
Haedamsol (Kimdaegam),South Korea,Applications,https://kdg21.com/,,,Food,,,,,,$0,
Haejeo Foods,South Korea,Applications,http://hjgim.co.kr/,Porphyra yezoensis,,Food,"Snacks and seasoning,Dried/raw seaweed",,,,,$0,
Haemifood,South Korea,Applications,http://haemifood.co.kr/,,,Food,"Snacks and seasoning,Dried/raw seaweed",,,,,$0,
Haenong,South Korea,Applications,https://www.haenong.com/,,,Food,"Snacks and seasoning,Dried/raw seaweed",,,,,$0,
Haeppeum,South Korea,"Applications,Farming & harvesting",http://haeppeum.com/,Capsosiphon fulvescens,,Food,,,,,,$0,
Haerim Fucoidan,South Korea,Applications,https://haerimfucoidan.com/,,,Pharmaceuticals,Fucoidans,,,,,$0,
Hafkalk ehf.,Iceland,"Farming & harvesting,Applications",https://www.hafkalk.com/,Lithothamnium calcareum,Wild harvesting,Nutraceuticals,,,,2000,,$0,
Hai'an Lanbo,China,"Farming & harvesting,Applications",http://www.lbnori.com/,Porphyra yezoensis,"Aquaculture,Nearshore",Food,Dried/raw seaweed,,,1992,,$0,
Haida Foods,China,"Farming & harvesting,Applications",http://www.haidafood.com/,Porphyra yezoensis,,Food,,,,,,$0,
Haisheng Health Technology (Qingdao) Co.,China,Applications,,,,Personal care,,,,2019,,$0,
"Haiyang Hongmao Seaweed Co., Ltd",China,"Applications,Farming & harvesting",https://hmseaweed.en.made-in-china.com/,,,Hydrocolloids,Alginate,,,2006,,$0,
Haiyang Xiangyu Seaweed,China,Applications,http://www.xiangyuseaweed.com/English/gongshijianjie.aspx,,,Hydrocolloids,"Alginate,Carrageenan",,,,,$0,
"Haiyang Zhouji Seaweed Co., Ltd",China,"Applications,Farming & harvesting",http://www.zhoujichina.com/,,,"Plant & soil nutrition,Hydrocolloids",Alginate,,,2005,,$0,
Hakiki Donarta,Indonesia,Applications,https://produkhakiki.com/,,,Hydrocolloids,Agar,,,2011,,$0,
Halophilic Marine Agriculture,Vietnam,Farming & harvesting,https://www.halophilic.org/,"Caulerpa spp.,Gracilaria sp.",,,,Hatch,,2023,checked,$0,Pilot / Demonstration
"Hangzhou Chenfeng Seaweed Co., Ltd",China,Applications,www.hzcfhz.com,,,Hydrocolloids,Alginate,,,2007,,$0,
Hanwool Food,South Korea,Applications,http://hanwoolfood.com/,,,,,,,,,$0,
Happy Ocean Foods,Germany,Applications,https://happyoceanfoods.com/,,,Food,Seafood substitute,Angel investors (various),,2019,checked,"$717,000",Validation / Traction
Harmony Coast,USA,Conservation & restoration,https://harmonycoast.org/,,,,,,,,,$0,
Havhøst,Denmark,Multi-stakeholder platform,https://xn--havhst-eya.dk/,,,,,,Growing the industry,,,$0,
Hayashikane,Japan,Applications,https://www.hayashikane.co.jp/enjoylearn/functionalmaterial/ascophyllan/,Ascophyllum nodosum,,Pharmaceuticals,,,,,,$0,
Healthy Seaweed Co.,Tanzania,Applications,https://healthyseaweedcafe.co.tz/,,,Food,,Oceanhub Africa,,,,$0,
Hebridean Seaweed Company,UK,"Farming & harvesting,Applications",https://hebrideanseaweed.com/,Ascophyllum nodosum,Wild harvesting,Plant & soil nutrition,,,,,,$0,
Help our Kelp,UK,Conservation & restoration,https://sussexwildlifetrust.org.uk/helpourkelp,,,,,,,,,$0,
Henry Lamotte Oils,Germany,Distribution,https://lamotte-oils.de/,,,,,,,,,$0,
Heos Marine,New Caledonia,Consulting,https://heos-marine.com/db/index.php?/category/seaweed_biodiversity,,,,,,,,,$0,
Hep Ken,France,Applications,https://www.hepken-alguesbio.com/,,,Food,,,,2019,,$0,
Heritage Seaweed,USA,Applications,https://www.heritageseaweed.com/,,,Food,Seaweed added to traditional product,,,,,$0,
Heung il Food,South Korea,Applications,https://heungilfood.co.kr/,,,Food,,,,,,$0,
Hi-Q,Taiwan,Processing,https://www.fucoidanhiq.com/en,,,"Personal care,Nutraceuticals",Fucoidans,,,1998,checked,$0,Mature / Public
Hidaka Food Industry Co.,Japan,Applications,https://www.hidaka-foods.co.jp/,,,Food,Dried/raw seaweed,,,,,$0,
High Tide Seaweed,UK,Applications,https://www.hightideseaweed.co.uk/,,,Food,Snacks and seasoning,,,2021,,$0,
HiMedia,India,Applications,https://www.himedialabs.com/,,,Hydrocolloids,"Agar,Carrageenan,Alginate",,,1975,checked,$0,Mature / Public
Hirokon Foods Co.,Japan,Applications,https://www.hirokonfoods.co.jp/,,,Food,Dried/raw seaweed,,,,,$0,
Hiroshima Nori,Japan,Applications,https://www.hiroshimanori-eshop.jp/,,,Food,Dried/raw seaweed,,,,,$0,
Hispanagar,Spain,Applications,https://www.hispanagar.com/en,,,Hydrocolloids,"Agar,Carrageenan",,,,,$0,
HN Novatech,South Korea,Applications,https://hnnt.co.kr/,,,Food,,"Logan Ventures,Idea Bridge",,2016,checked,"$4,000,000",Validation / Traction
HoanBlue,Somalia,Farming & harvesting,https://hoanblue.com/,,,,,,,2024,,$0,
Hokkaido Federation of Fisheries,Japan,"Farming & harvesting,Applications",https://www.gyoren.or.jp/konbu/index.html,,,Food,Dried/raw seaweed,,,,,$0,
Hokkaido Marine,Japan,"Processing,Consulting,Monitoring tech & software,Applications",https://hokkaido-marine.com/,,,Pharmaceuticals,Extraction,,,,,$0,
Holdfast Aquaculture,USA,Breeding & propagation,https://www.holdfastaq.com/,,,,,,,,,$0,
HoldfastNL,Canada,Farming & harvesting,https://www.holdfastnl.com/,,,,,,,2023,,$0,
Homey Group International,China,"Applications,Farming & harvesting",http://homeygroup.com/,,"Aquaculture,IMTA",Food,,,,1978,,$0,
Honpo,Japan,"Conservation & restoration,Applications",https://seaweed.co.jp/pages/31/,,,Food,,,,,,$0,
Horizon Seaweed,UK,Farming & harvesting,https://horizonseaweed.com/,"Ascophyllum nodosum,Chondrus crispus,Fucus sp.,Himanthalia sp.,Laminaria digitata,Osmundea pinnatifida,Palmaria palmata,Porphyra sp.,Saccharina latissima",Wild harvesting,,,,,2018,checked,$0,Validation / Traction
Hortimare,Netherlands,"Breeding & propagation,Consulting",https://hortimare.com/,"Alaria esculenta,Palmaria palmata,Saccharina latissima",Aquaculture,,,,,2008,checked,$0,Validation / Traction
House of Seaweed / Seaweed Enterprises ,UK,"Farming & harvesting,Processing,Applications",https://www.houseofseaweed.com/,"Laminaria digitata,Palmaria palmata,Saccharina latissima",Wild harvesting,Food,Whole-plant,,,2023,checked,"$760,000",Pilot / Demonstration
HQ Seaweed ,Spain,"Farming & harvesting,Applications",https://hqseaweed.com/en/,"Codium sp.,Ulva sp.,Undaria sp.,Gracilaria sp.,Palmaria palmata,Laminaria ochroleuca,Himanthalia elongata,Undaria Pinnatifida",Wild harvesting,Food,,,,2016,checked,$0,Validation / Traction
Huiro Regenerativo,Chile,"Breeding & propagation,Farming & harvesting",https://www.huiroregenerativo.com/,"Agarophyton chilensis,Macrocystis pyrifera",,,,,,2021,checked,$0,Pilot / Demonstration
Hump Island Oyster Company,USA,Farming & harvesting,https://www.humpislandoyster.com/,Nereocystis luetkeana,Aquaculture,,,,,,,$0,
Hydrocolloid Indonesia,Indonesia,Applications,http://www.hydrocolloid-indonesia.com/,,,Hydrocolloids,Carrageenan,,,,,$0,
Hyndla ehf,Iceland,Research,https://hyndla.is/,Schizymenia jonssonii,,,,,,,,$0,
Hyung Je Fisheries (Gim Siwol),South Korea,"Applications,Farming & harvesting",https://thegim.kr/,Porphyra yezoensis,,Food,,,,,,$0,
I-AM Innovation Center,Netherlands,Monitoring tech & software,https://www.northseafarmers.org/news/20232410-i-am,,,,,,,,,$0,
Iberagar,Portugal,Applications,https://iberagar.com/,,,Hydrocolloids,"Agar,Carrageenan",,,,,$0,
Ibis Madagascar,Madagascar,Farming & harvesting,http://www.ibis-algoculture.com/ibis/,"Kappaphycus alvarezii,Eucheuma denticulatum","Aquaculture,Nearshore",,,,,,,$0,
ICCSIR ,India,Multi-stakeholder platform,http://www.iccsir.org,,,,,,Improving farmers' lives,,,$0,
Iceland Organic,Iceland,"Farming & harvesting,Applications",https://icelandorganic.org/,,Wild harvesting,Nutraceuticals,,,,,,$0,
IFFCO (Sagarika w Aquagri),India,Applications,https://www.iffco.in/,Kappaphycus alvarezii,,Plant & soil nutrition,,,,1968,,$0,
IJO,Indonesia,Applications,https://ijonesia.com/,,,Bioplastics / biomaterials,,,,2021,checked,$0,Research / product development
Ikooma,Belize,Applications,https://ikooma.com/,Eucheuma isiforme,,Personal care,,,,2019,,$0,
Immersion Group (Seascape Restorations),Australia,Farming & harvesting,https://seascaperestorations.com.au/,Asparagopsis armata,Aquaculture,Feed,Livestock methane reduction,Nissui,,2021,checked,$0,Research / product development
Ina Food Industry,Japan,Applications,https://www.kantenpp.co.jp/,,,Hydrocolloids,"Agar,Carrageenan",,,,,$0,
Ínclita Seaweed Solutions,Portugal,Processing,https://www.inclitaseaweedsolutions.com/,,,,Extraction,"Blue Bio Value,RDI Partners,Fundo Azul,Indico Capital Partners",,2018,checked,"$3,400,000",Pilot / Demonstration
Indian Ocean Greens,Australia,Farming & harvesting,http://www.indianoceanseavegetables.com.au/,,Aquaculture,,,,,2019,checked,$0,Validation / Traction
Indigrow,UK,Applications,https://www.indigrow.com/,Ascophyllum nodosum,,,,,,,,$0,
Indo Lestari Algaco,Indonesia,Farming & harvesting,https://www.linkedin.com/company/pt-indo-lestari-algaco/,,Nearshore,,,,,2023,,$0,
Indo Seaweed,Indonesia,Applications,https://www.ingredientsnetwork.com/pt-indo-seaweed-comp249189.html,"Kappaphycus alvarezii,Eucheuma denticulatum",,Hydrocolloids,Carrageenan,,,,,$0,
Indoflora Cipta Mandiri,Indonesia,Applications,https://indofloraseaweed.com/,,,Hydrocolloids,"Carrageenan,Agar",,,,,$0,
Indogum (Gumindo Perkasa Industri),Indonesia,Applications,https://indogum.com/,,,Hydrocolloids,Carrageenan,,,,,$0,
Indoking Aneka Agar-Agar Industry,Indonesia,Applications,http://indoking.co.id/,,,Hydrocolloids,Agar,,,,,$0,
Indomakmur,Indonesia,Applications,https://www.linkedin.com/company/pt-indomakmur-food-ingredients-manufacturer/about/,,,Hydrocolloids,,,,2000,,$0,
Indonesia Seaweed Industry Association (ASTRULI) ,Indonesia,Multi-stakeholder platform,https://www.indonesiaseaweed.com/,,,,,,Producers association,,,$0,
Indonusa Algaemas Prima,Indonesia,Applications,http://algaemas.com/,,,Hydrocolloids,Carrageenan,,,,,$0,
Indosky ,Indonesia,Applications,,,,Hydrocolloids,Carrageenan,,,,,$0,
Industrial Plankton,Canada,Infrastructure & equipment,https://industrialplankton.com/,,,,,,,,,$0,
Ingredients Solutions Inc.,USA,Applications,https://www.isi.us.com/,,,Hydrocolloids,"Agar,Alginate,Carrageenan",,,,,$0,
Innovactiv,Canada,Applications,https://innovactiv.com/,Saccharina longicruris,,"Nutraceuticals,Personal care",,,,,,$0,
INTAKE,South Korea,Applications,https://www.intakefoods.kr/,,,Food,Seafood substitute,,,2013,checked,$0,Validation / Traction
Intermas,Spain,Infrastructure & equipment,https://www.intermas.com/,,,,,,,,,$0,
International Phycological Society,USA,"Research,Multi-stakeholder platform",https://intphycsociety.org/National-Phycological-Societies,,,,,,Research platform,,,$0,
International Seaweed Association,USA,Multi-stakeholder platform,https://isaseaweed.org/,,,,,,Scientific association,,,$0,
International Society for Applied Phycology,Netherlands,Multi-stakeholder platform,https://www.appliedphycologysoc.org/,,,,,,Scientific association,,,$0,
Intertidal Seaweed Company,USA,Farming & harvesting,https://www.intertidalseaweed.com/,,Wild harvesting,Food,,,,,,$0,
Irish Seaweed Consultancy,Ireland,Consulting,https://irishseaweed.com/,,,,,,,,,$0,
Iro Alginate,China,Applications,https://www.iroalginate.com/,,,Hydrocolloids,Alginate,,,1995,,$0,
Ironbound Island Seaweed,USA,Farming & harvesting,http://www.ironboundisland.com/,"Palmaria sp.,Undaria Pinnatifida,Laminaria digitata,Laminaria longicruris,Porphyra umbilicalis",Wild harvesting,Food,Dried/raw seaweed,,,,,$0,
ISDA,Philippines,Consulting,https://isda-phil.com/,,,,,,,,,$0,
ISE Co (Umilog),Japan,Monitoring tech & software,https://www.ise-hp.com/products/umilog/,,,,,,,1985,checked,$0,Validation / Traction
Ise Masu Co.,Japan,Applications,https://isemasu.com/,,,Food,Dried/raw seaweed,,,,,$0,
isea,Iceland,"Farming & harvesting,Applications",https://www.isea.is/,Ascophyllum nodosum,,Plant & soil nutrition,,,,2016,checked,$0,Validation / Traction
Ishga,UK,Applications,https://uk.ishga.com/,Fucus serratus,,Personal care,,,,2013,checked,$0,Scale-up / Industrialisation
Island Seaweed,Ireland,Farming & harvesting,https://islandseaweed.com/ ,Palmaria palmata,Wild harvesting,Food,,,,,,$0,
Islander Kelp,UK,Farming & harvesting,https://islanderkelp.com/,"Saccharina latissima,Undaria sp.",Aquaculture,Food,,,,2015,,$0,
Isle of Mull Seaweed,UK,"Applications,Farming & harvesting",https://www.isleofmullseaweed.com/,,Wild harvesting,Food,,,,2019,,$0,
Isle of Skye Seaweeds Co.,UK,"Farming & harvesting,Applications",https://www.skyeseaweed.co.uk/,,Wild harvesting,Personal care,,,,2017,,$0,
Islensk Hollusta,Iceland,"Farming & harvesting,Applications",https://islenskhollusta.is/,"Saccharina latissima,Palmaria palmata,Laminaria hyperborea,Vertebrata lanosa",Wild harvesting,Food,,,,,,$0,
Íslenska Kalkþörungafélagið ehf. ,Iceland,Farming & harvesting,http://iskalk.is/,Lithothamnium calcareum,Wild harvesting,,,,,2001,,$0,
IsokomaNori,Japan,Applications,http://www.isokoma.co.jp/,,,Food,Dried/raw seaweed,,,,,$0,
Ito Shoten Co.,Japan,Applications,http://www.kaneshoito.co.jp/,,,Food,Dried/raw seaweed,,,,,$0,
IZALGUE,France,Applications,https://www.linkedin.com/company/izalgue/,,,Construction,,,,2023,,$0,
Japan Blue Carbon Project,Japan,Conservation & restoration,https://japan-bluecarbon.com/,,,,,,,,,$0,
Japan Kaiso Association,Japan,Multi-stakeholder platform,http://www.japan-seaweed-association.com/,,,,,,Producers association,,,$0,
Japan Kombu Association,Japan,Multi-stakeholder platform,https://kombu.or.jp/,,,,,,Producers association,,,$0,
Japan Spice Co.,Japan,Applications,https://japanspice.co.jp/,,,Food,Dried/raw seaweed,,,,,$0,
Japan Wakame Association,Japan,Multi-stakeholder platform,http://www.nippon-wakame.jp/list/index.html,,,,,,Producers association,,,$0,
Japi Foods,Vietnam,Applications,https://japifoods.vn/,,,"Food,Nutraceuticals",Snacks and seasoning,,,,,$0,
Jaringan Sumber Daya (JaSuDa),Indonesia,"Consulting,Distribution",https://www.jasuda.net/,,,Hydrocolloids,,,,,,$0,
Java Biocolloid,Indonesia,Applications,https://www.java-biocolloid.com/,,,Hydrocolloids,Agar,,,,,$0,
Jejudoda Global,South Korea,Applications,http://jdg.co.kr/,,,Food,,,,,,$0,
Jelita Makmur Abadi,Indonesia,Distribution,https://www.jmaindonesia.com/,,,,,,,,,$0,
Jens Møller Products,Denmark,Applications,https://caviart.com/,,,Food,Seafood substitute,,,2013,,$0,
Jiangsu Laver Association,China,Multi-stakeholder platform,http://www.jslaver.com/,,,,,,Producers association,,,$0,
"Jiangsu Ruida Ocean Food Co., Ltd",China,"Applications,Farming & harvesting",https://www.dfhr.com/company/912.htm,Porphyra sp.,Aquaculture,Food,Dried/raw seaweed,,,2005,,$0,
"Jiangsu Ruixue Ocean Technology Co., Ltd.",China,"Farming & harvesting,Applications,Infrastructure & equipment",http://yuhedao.com/EN/index.aspx,Porphyra yezoensis,,Food,"Dried/raw seaweed,Snacks and seasoning",,,2002,,$0,
"Jiangsu Xianzhiyuan Aquatic Food Co., Ltd",China,"Farming & harvesting,Applications",https://en.jsxzy.net/,Porphyra yezoensis,,Food,Dried/raw seaweed,,,2007,,$0,
"Jiangsu Zhongda Biotechnology Group Co., Ltd",China,"Applications,Farming & harvesting",http://www.zhongdaseaweed.com/home.html,Saccharina sp.,,"Food,Hydrocolloids",Alginate,,,1969,,$0,
Jinghai Group (Rongcheng Jinhaifeng Aquatic Food Co.),China,Applications,http://en.jinghaijituan.com/,Undaria sp.,Aquaculture,Food,,,,,,$0,
Jinjiang Wangyuan Food Co.,China,"Farming & harvesting,Applications",http://www.xn--4b0a00l.xn--fiqs8s/,Porphyra yezoensis,,Food,Dried/raw seaweed,,,2003,,$0,
JISA,Spain,Applications,https://www.fertilizantesyabonos.com/,Ascophyllum nodosum,,Plant & soil nutrition,,,,,,$0,
Jordà,Belgium,Applications,https://jorda.be/,,,Food,Snacks and seasoning,,,,checked,$0,Validation / Traction
JRS,Germany,Applications,https://www.jrs.de/,"Laminaria digitata,Laminaria hyperborea",,Hydrocolloids,Alginate,,,1962,checked,$0,Mature / Public
Jurassic Sea Farms,UK,Farming & harvesting,https://www.jurassicseafarms.co.uk/,"Laminaria digitata,Saccharina latissima","Aquaculture,IMTA",,,,,2014,,$0,
K-Food,South Korea,Applications,https://smartstore.naver.com/kfoood/,,,Food,"Snacks and seasoning,Dried/raw seaweed",,,,,$0,
Kachemak Bay Seaweed Hub / Regeneration North,USA,Processing,https://www.regenerationnorth.org/,,,,Whole-plant,,,,,$0,Research / product development
Kaginowa,Japan,"Farming & harvesting,Applications",https://kaginowa.com,Asparagopsis sp.,,Feed,Livestock methane reduction,,,2023,checked,$0,Research / product development
KaiHo Ocean Treasure,Australia,Farming & harvesting,http://oceantreasure.com.au/,Undaria sp.,Wild harvesting,Food,,,,,,$0,
Kaira Nordic,Sweden,Farming & harvesting,https://kairanordic.com/,Saccharina latissima,"Aquaculture,Wild harvesting",,,,,,,$0,
Kajima,Japan,"Farming & harvesting,Applications",https://www.kajima.co.jp/news/press/202401/9e1-j.htm,Asparagopsis sp.,,Feed,Livestock methane reduction,,,2023,checked,$0,Research / product development
Kaly Group,UK,"Farming & harvesting,Applications",https://kaly.eco/,,Aquaculture,Plant & soil nutrition,,"Scottish Enterprise,Tricapital Angels",,2022,checked,"$677,000",Pilot / Demonstration
Kaneryo Seaweed Co,Japan,Applications,https://www.kaneryo.co.jp/,,,Food,Dried/raw seaweed,,,,,$0,
Kaneu Foods Co.,Japan,Applications,https://www.kaneufoods.co.jp/,,,Food,Dried/raw seaweed,,,,,$0,
Kappa Carrageenan Nusantara,Indonesia,Applications,http://kcn-nusantara.com/,,,Hydrocolloids,Carrageenan,,,,,$0,
Karagen Indonesia,Indonesia,Applications,https://www.karagenindonesia.com/,,,Hydrocolloids,Carrageenan,,,,,$0,
Karma Beach Club,China,Applications,https://karmabeachclub.com/,,,Textiles,,,,2022,,$0,
Kattegat Seaweed,Denmark,Farming & harvesting,https://kattegatseaweed.wordpress.com/,,"Aquaculture,Offshore",,,,,2016,,$0,
Kauai Sea Farm,USA,Farming & harvesting,https://kauaiseafarm.com/,Gracilaria parvispora,"Aquaculture,Onshore,IMTA",Food,,,,,,$0,
Kawamura Co.,Japan,Applications,https://www.kawamura-2114.co.jp/,,,Food,Dried/raw seaweed,,,,,$0,
Kawashu,Japan,Applications,https://kawashu.com/,,,Food,Dried/raw seaweed,,,,,$0,
Kebula Raya Bestari,Indonesia,Farming & harvesting,https://kebulabestari.com/,,"Aquaculture,Nearshore",,,,,,,$0,
Kee Farms,Jamaica,"Farming & harvesting,Distribution",https://keefarms.com/,,Aquaculture,,,Seaworthy Collective,,2020,checked,$0,Research / product development
Keel Labs (prev. Algiknit),USA,Applications,https://www.keellabs.com/,,,Textiles,,"Horizons Ventures,SOSV / IndieBio,Fashion For Good,Collaborative Fund,H&M CO:LAB,Starlight Ventures,Third Nature Ventures",,2018,checked,"$15,400,000",Pilot / Demonstration
Keeptrack,Norway,Monitoring tech & software,https://keep-track.no/,,,,,,,2022,checked,$0,Validation / Traction
"Keihin Seaweed Co.,",Japan,Applications,https://keihin-kaisou.com/,,,Food,Dried/raw seaweed,,,,,$0,
Kelp Agri Products,Australia,"Farming & harvesting,Applications",http://kelpagriproducts.com.au/,,Wild harvesting,Plant & soil nutrition,,,,,,$0,
Kelp Ark,USA,"Conservation & restoration,Breeding & propagation",https://kelpark.org/,"Macrocystis pyrifera,Nereocystis luetkeana,Laminaria farlowii,Alaria marginata",,,,,,,,$0,
Kelp Blue,Netherlands,"Farming & harvesting,Processing,Applications",https://www.kelp.blue/,Macrocystis pyrifera,"Aquaculture,Offshore","Plant & soil nutrition,Hydrocolloids","Biorefinery,Alginate","Namibia Infrastructure Development and Investment Fund,Eos Capital,De Beers,Bright Tide Ocean/Blue Carbon Accelerator",,2020,checked,"$7,000,000",Validation / Traction
Kelp Conservation Initiative,UK,Conservation & restoration,https://www.kelpconservation.org/,,,,,,,,,$0,
Kelp Ecosystem Ecology Network,,Multi-stakeholder platform,https://www.kelpecosystems.org/,,,,,,Scientific association,,,$0,
Kelp Forest Alliance,Australia,"Multi-stakeholder platform,Conservation & restoration",https://kelpforestalliance.com,,,,,,Research platform,,,$0,
Kelp Forest Foundation,Netherlands,"Research,Conservation & restoration",https://www.kelpforestfoundation.org/,,,,,,,,,$0,
Kelp Industries,Australia,"Farming & harvesting,Applications",https://www.kelpind.com.au/,Durvillaea potatorum,Wild harvesting,Plant & soil nutrition,,,,,,$0,
Kelp Island / Seabrick,Canada,Applications,http://kelpisland.com/,,,Construction,,"Third Derivative,Ocean Startup Challenge",,2022,checked,$0,Research / product development
Kelpak ( Kelp Products International),South Africa,"Farming & harvesting,Applications",https://www.kelpak.com/,Ecklonia maxima,Wild harvesting,Plant & soil nutrition,,,,,,$0,
KelpCrofters,UK,"Farming & harvesting,Applications",https://kelpcrofters.com/,,"Aquaculture,IMTA",Plant & soil nutrition,,,,2020,,$0,
KelpHelpers,New Zealand,Conservation & restoration,https://kelphelpers.org/,,,,,,,2024,,$0,
Kelpi,UK,Applications,https://www.kelpi.net/,,,Bioplastics / biomaterials,,"Bristol Private Equity Club (BPEC),Science Creates Ventures,Green Angel Syndicate,Blackfinch Ventures,Evenlode Foundation,Kadmos Capital,Nurture Brands,One Planet Capital,QantX,South West Investment Fund,V&A Investments",,2020,checked,"$9,633,408",Pilot / Demonstration
Kelpinor,Norway,Farming & harvesting,https://www.kelpinor.no/,"Saccharina latissima,Alaria esculenta",Aquaculture,,,,,2022,checked,$0,Validation / Traction
Kelpman Ocean Blends,Ireland,Applications,https://kelpmanoceanblends.com/,,,Nutraceuticals,,,,2020,checked,$0,Validation / Traction
Kelpomix,Australia,"Farming & harvesting,Applications",https://kelpomixtasmania.com.au/,Durvillaea potatorum,Wild harvesting,Plant & soil nutrition,,,,,,$0,
Kelpring,UK,Infrastructure & equipment,https://www.kelpring.com/,,,,,,,2019,checked,$0,Validation / Traction
Kelpy,Australia,Applications,https://www.kelpy.co/,,,Bioplastics / biomaterials,,"EIT Climate-KIC,100+ Accelerator",,2021,checked,$0,Research / product development
Kelpy Canada,Canada,Applications,https://kelpy.ca/,,,Plant & soil nutrition,,,,2021,,$0,
Kelson,USA,"Consulting,Infrastructure & equipment",https://www.kelsonmarine.com/,,,,,,,,,$0,
Kibuyuni Seaweed Farmers,Kenya,Farming & harvesting,,,,,,,,,,$0,
Kieler Meeresfarm,Germany,Farming & harvesting,https://www.kieler-meeresfarm.de/,Saccharina latissima,Aquaculture,,,,,2014,,$0,
Kikkoman Biochemifa,Japan,Applications,https://biochemifa.kikkoman.com/e/company/enkaku/,,,Hydrocolloids,Alginate,,,,,$0,
Kimica,Japan,"Applications,Farming & harvesting",https://www.kimica-algin.com/,,,Hydrocolloids,Alginate,,,,,$0,
Kimura Nori,Japan,Applications,https://www.kimuranori.co.jp/,,,Food,Dried/raw seaweed,,,,,$0,
Kinanomics,New Zealand,Conservation & restoration,https://envirostrat.co.nz/2023/07/21/kinanomics-leading-the-way-for-a-new-delicacy-to-export/,,,,Urchin removal,,,2023,checked,$0,Research / product development
King Tide Carbon,UK,"Applications,Farming & harvesting",https://www.kingtidecarbon.com/,,Aquaculture,Carbon sequestration,,Cellular Goods,,,,"$730,000",
"King-Hope Co, Ltd",China,Applications,http://www.lygzdhz.com/,,,Hydrocolloids,Alginate,,,2002,,$0,
Kitamura Bussan Co.,Japan,Applications,https://www.hijiki.jp/,,,Food,Dried/raw seaweed,,,,,$0,
KiwiWakame,New Zealand,"Farming & harvesting,Applications",https://kiwiwakame.com/,"Undaria Pinnatifida,Macrocystis pyrifera",Wild harvesting,Food,,,,,,$0,
Koasa,Japan,"Farming & harvesting,Applications",http://www.koasa.com.cn/en/index.asp,,,Food,Dried/raw seaweed,,,,,$0,
Koastal,Sweden,Farming & harvesting,https://www.koastal.se/,,Aquaculture,,,,,2022,checked,$0,Validation / Traction
Kobayashi Nori,Japan,Applications,https://www.kobayashinori.co.jp/,,,Food,Dried/raw seaweed,,,,,$0,
Kobb (prev. Bohus SeaCulture),Sweden,Farming & harvesting,https://kobb.nu/,Saccharina latissima,Aquaculture,Food,,Colunt Mare,,2017,checked,$0,Validation / Traction
Kodiak Island Sustainable Seaweed,USA,Farming & harvesting,https://www.facebook.com/p/Kodiak-island-sustainable-seaweed-100063488138662/,Eualaria fistulosa,"Aquaculture,Nearshore",,,,,,,$0,
Kollofken,Chile,Farming & harvesting,https://kollofken.cl/,Durvillaea antarctica,Wild harvesting,Food,Snacks and seasoning,,,2016,,$0,
Koltiva (SeaweedTrace),Indonesia,Monitoring tech & software,https://www.koltiva.com/koltitrace,,,,,,,,,$0,
Kona Carbon (C-Minus Carbon),USA,Applications,https://www.linkedin.com/in/christoph-mack-670420/,Sargassum sp.,,HABs,Biochar / hydrochar,,,2023,checked,$0,Research / product development
Konbumori Fisheries Cooperative,Japan,Farming & harvesting,http://www.konbumori.or.jp/,Saccharina japonica,Nearshore,,,,,,,$0,
Koppert Cress,Netherlands,Farming & harvesting,https://www.koppertcress.com/en/products/codium-blue,Codium sp.,"Aquaculture,Onshore",Food,,,,,,$0,
Korea Karagen,South Korea,Applications,http://www.kocara.com/,,,Hydrocolloids,"Agar,Carrageenan",,,,,$0,
Korea Ocean Bio Cluster,South Korea,Applications,http://www.biocluster.co.kr/,,,"Nutraceuticals,Pharmaceuticals",Fucoidans,,,,,$0,
Korean Society of Phycology,South Korea,"Research,Multi-stakeholder platform",https://www.algae.or.kr/,,,,,,Scientific association,,,$0,
Koru and Kelp,USA,Consulting,https://koruandkelp.squarespace.com/,,,,,,,,,$0,
Kospermindo,Indonesia,Farming & harvesting,https://kospermindo.id/,,Aquaculture,Hydrocolloids,,,,,,$0,
Kove Ocean Foods,Canada,Applications,https://koveocean.com/,,,Food,Snacks and seasoning,,,2023,checked,$0,Validation / Traction
Kozen,Japan,Applications,https://kozen.co.jp/,,,Food,Dried/raw seaweed,,,,,$0,
KRIBHCO (Savarika w Pushpa J Shah),India,Applications,https://www.kribhco.net/,,,Plant & soil nutrition,,,,,,$0,
Kuaʻāina Ulu ‘Auamo Limu Hui,USA,Conservation & restoration,http://kuahawaii.org/limu-hui/,,,,,,,,,$0,
Kumagai,Japan,Applications,https://yama11.com/,,,Food,Dried/raw seaweed,,,,,$0,
Kuraray,Japan,Infrastructure & equipment,https://www.kuraray.com/,,,,,,,,,$0,
Kwang Chun Kim Food,South Korea,Applications,http://www.xn--hc0bmw93yx0s.kr/,,,Food,"Snacks and seasoning,Dried/raw seaweed",,,,,$0,
Kwangcheon Kim,South Korea,Applications,http://www.kckim.com/,,,Food,"Snacks and seasoning,Dried/raw seaweed",,,,,$0,
Kwangcheonwoorigim,South Korea,Applications,http://kcwoori.com/,,,Food,,,,,,$0,
KZO Sea Farms (zombie),USA,Infrastructure & equipment,https://www.kzoseafarms.com/,,,,,,,2021,checked,$0,Failed / Zombie
L'Alga,Netherlands,Applications,https://lalga.com/,,,Personal care,,,,,,$0,
La Huerta Marina,Spain,Farming & harvesting,https://www.gourmets.net/salon-gourmets/2019/catalogo-expositores/la-huerta-marina,"Gracilaria sp.,Ulva sp.",Aquaculture,Food,,,,,,$0,
La Mer,Canada,Applications,https://www.cremedelamer.com/,,,Personal care,,,,,,$0,
Labiomer,France,Applications,https://www.labiomer.com/,,,Personal care,,,,,,$0,
Læsøe Tang / Tofteladen,Denmark,Farming & harvesting,https://laesoetang.dk/,,Wild harvesting,,,,,,,$0,
Lauta Carrageenans,China,Applications,https://carrageenans.com/,,,Hydrocolloids,Carrageenan,,,,,$0,
Lava Seaweed,Iceland,Farming & harvesting,https://lavaseaweed.is/,,Onshore,Feed,Livestock methane reduction,,,2023,checked,$0,Research / product development
Le Floch Depollution,France,"Infrastructure & equipment,Farming & harvesting",https://www.leflochdepollution.com/activites/depollution-maritime/sargasses,Sargassum sp.,Wild harvesting,,,,,,,$0,
Ledo Biashara,Tanzania,Farming & harvesting,,"Kappaphycus alvarezii,Eucheuma denticulatum",Aquaculture,,,,,,,$0,
Lehvoss,Germany,Applications,https://www.lehvoss-nutrition.com/ingredients/trade-marked-ingredients/293-puresea%C2%AE-gold-standard-organic-seaweed.html,,,Nutraceuticals,,,,,,$0,
Leili,China,Applications,http://www.leili.com/,Sargassum sp.,,Plant & soil nutrition,,,,1993,,$0,
Lessonia,France,Applications,https://www.lessonia.com/,"Undaria sp.,Palmaria palmata,Ascophyllum nodosum",,Personal care,,,,2002,checked,$0,Scale-up / Industrialisation
"Lianyungang Fengyun Seaweed Manufacturer Co., Ltd",China,Applications,http://www.alginatefactory.com/,,,Hydrocolloids,Alginate,,,2012,,$0,
"Lianyungang Shenxian Laver Co., Ltd.",China,"Farming & harvesting,Applications",http://www.zicai.com/,Porphyra yezoensis,,Food,,,,1992,,$0,
"Lianyungang Tiantian Seaweed Industry Co., Ltd",China,Applications,http://www.lygtthz.com/,,,"Plant & soil nutrition,Hydrocolloids,Feed","Alginate,Fucoidans",,,2005,,$0,
"LiDao Oceanic Technology Co., Ltd. ",China,"Farming & harvesting,Applications",https://www.bloomberg.com/profile/company/0476767D:CH,,"Aquaculture,Nearshore",Food,,,,1956,,$0,
Lilv Group / Jinjiang Force Green Food Co.,China,"Farming & harvesting,Applications",https://m.forcegreenfood.com/,Porphyra yezoensis,"Aquaculture,Nearshore",Food,Dried/raw seaweed,,,2002,,$0,
Limu Hui (Kua'aina Ulu 'Auamo),USA,Multi-stakeholder platform,https://www.linkedin.com/company/kua-aina-ulu-auamo/,,,,,,Improving farmers' lives,,,$0,
Litholife,Brazil,Farming & harvesting,https://www.litholife.com.br/,Lithothamnium sp.,Wild harvesting,,,,,,,$0,
Little Samphire Island,Ireland,Farming & harvesting,https://www.littlesamphireisland.com/,"Fucus vesiculosus,Palmaria palmata,Chondrus crispus,Laminaria digitata,Ascophyllum nodosum,Alaria esculenta","Wild harvesting,Aquaculture",,,,,,,$0,
Living Seas Aquafeeds,Indonesia,Applications,https://www.livingseasaquafeeds.com/,,,Feed,Aquafeed,Hatch,,2020,checked,$0,Research / product development
Lofoten Blue Harvest AS,Norway,Farming & harvesting,https://www.lofotenblueharvest.com/en/,"Alaria marginata,Saccharina latissima",Aquaculture,,,,,,,$0,
Lofoten Seaweed,Norway,Farming & harvesting,https://lofotenseaweed.no/,"Alaria esculenta,Laminaria digitata,Porphyra umbilicalis,Vertebrata lanosa,Palmaria palmata,Saccharina latissima",Wild harvesting,Food,,,,2016,checked,$0,Validation / Traction
Loliware,USA,Applications,https://www.loliware.com/,,,Bioplastics / biomaterials,,"CityRock Venture Partners,SheEO,For Good Ventures,Closed Loop Partners,Gratitude Railroad,5 Pillars Capital / Kilara Capital,Ehukai Investments,Geekdom Fund,L Catterton,Sinclair & Rush,Alumni Ventures Group",,2015,checked,"$12,000,000",Validation / Traction
Long Island Sound Ocean Cluster,USA,Multi-stakeholder platform,https://longislandsoundoceancluster.com/,,,,,,Producers association,,,$0,
Longrun-Newstar,China,Applications,http://www.longrun-newstar.com/,,,Hydrocolloids,Carrageenan,,,2013,,$0,
Love Rimurimu,New Zealand,Conservation & restoration,https://www.loverimurimu.org/,,,,,,,,,$0,
Lucid Colloids,India,Applications,https://www.lucidcolloids.com/,,,Hydrocolloids,Carrageenan,,,1958,checked,$0,Mature / Public
Lummi Island SeaGreens,USA,Farming & harvesting,https://lummiislandseagreens.com/,Saccharina latissima,Aquaculture,,,,,2022,,$0,
Lusalgae (failed),Portugal,"Farming & harvesting,Applications,Consulting",,Ulva sp.,"Wild harvesting,Aquaculture,IMTA",Personal care,,"Blue Bio Value,Blue Crow Capital",,2016,checked,$0,Failed / Zombie
Maari,France,Breeding & propagation,https://www.linkedin.com/in/maari-macroalgae-aquaculture-research-and-innovation-059863268/?originalSubdomain=fr,,,,,,,2023,,$0,
Macro Carbon,Spain,"Applications,Farming & harvesting",https://www.macrocarbon.world/,"Ulva sp.,Sargassum sp.,Caulerpa spp.","Aquaculture,Nearshore,Offshore","Plant & soil nutrition,Chemicals","Biochar / hydrochar,Biofuel,Biorefinery",,,2023,checked,$0,Research / product development
Macro Oceans,USA,Processing,https://www.macro-oceans.com/,,,,Biorefinery,"McKinley Capital,Refactor Capital,Lowercarbon Capital,Knollwood Investment Advisory,Schox Venture Capital",,2020,checked,"$7,500,000",Validation / Traction
Macro Seaweed,Indonesia,Farming & harvesting,https://macroseaweed.com/,"Kappaphycus alvarezii,Eucheuma denticulatum,Sargassum sp.,Gracilaria sp.,Ulva lactuca","Aquaculture,Nearshore",,,,,2021,checked,$0,Validation / Traction
Macrobreed,USA,Breeding & propagation,,,,,,,,2023,checked,$0,Research / product development
Madalg,Madagascar,Farming & harvesting,,Kappaphycus alvarezii,"Aquaculture,Nearshore",,,,,,,$0,
Magellan Aqua Farms (Turquoise Revolution),Canada,Farming & harvesting,https://turquoiserevolution.ca/about-magellan-aqua-farm/,,Aquaculture,,,,,,,$0,Pilot / Demonstration
MAGMA seaweed,France,Farming & harvesting,https://www.magma-seaweed.com/,"Ulva sp.,Palmaria sp.","Aquaculture,Onshore",,,,,2023,checked,$0,Research / product development
Maine Coast Sea Vegetables,USA,Farming & harvesting,https://seaveg.com/,,"Wild harvesting,Aquaculture",Food,,,,,,$0,
Makai Ocean Engineering,USA,Infrastructure & equipment,https://www.makai.com/,,,,,,,1973,,$0,
Maki Seaweed Greenland,Greenland,Farming & harvesting,https://www.facebook.com/Maki-Seaweed-Greenland-971747402862491/,,Wild harvesting,,,,,,,$0,
Makro Organics,South Africa,Applications,https://makroorganics.com/,Ecklonia maxima,,Plant & soil nutrition,,,,2015,,$0,
Mangan by Iman,Philippines,Applications,,,,Food,Snacks and seasoning,,,2020,,$0,
Manjun Seaweed,South Korea,"Farming & harvesting,Applications",http://manjun.net/,Porphyra yezoensis,Aquaculture,Food,"Snacks and seasoning,Dried/raw seaweed",,,,,$0,
Mannasol,UK,Applications,https://www.mannasolproducts.com/,,,"Feed,Hydrocolloids",Pet food,,,,,$0,
Marauder Robotics (Balanced Oceans),USA,"Infrastructure & equipment,Conservation & restoration",https://marauderrobotics.com/,,,,Urchin removal,,,2017,checked,$0,Research / product development
Marcel Carrageenan,Philippines,Applications,https://www.marcelcarrageenan.com/,,,Hydrocolloids,Carrageenan,,,,,$0,
Marea,Iceland,Applications,https://mareaiceland.com/,,,Bioplastics / biomaterials,,,,2020,checked,$0,Research / product development
Mari Oceans,Indonesia,"Breeding & propagation,Multi-stakeholder platform",https://www.marioceans.com/,,,,,"Deliberate Capital,Swiss Re Foundation",Improving farmers' lives,2020,checked,$0,Validation / Traction
Marinalg,USA,Multi-stakeholder platform,https://marinalg.org/,,,,,,Producers association,,,$0,
Marinatex,UK,Applications,https://www.marinatex.co.uk/,,,Bioplastics / biomaterials,,,,2020,checked,$0,Research / product development
Marine Agrifuture / Olakai Hawaii,USA,Farming & harvesting,,Gracilaria sp.,Onshore,Food,,,,2006,checked,$0,Mature / Public
Marine Agronomics,USA,Consulting,https://www.marineagronomics.com/,Porphyra sp.,,,,,,,,$0,
Marine Biologics,USA,"Applications,Processing",https://www.marinebiologics.com/,,,Plant & soil nutrition,Biorefinery,,,2023,checked,$0,Research / product development
Marine Biopolymers Ltd,UK,Applications,http://www.marinebiopolymers.co.uk/,,,Bioplastics / biomaterials,,,,2010,,$0,
Marine Bioproducts Cooperative Research Centre (MB-CRC),Australia,"Multi-stakeholder platform,Research",https://mbcrc.com/,,,,,,Growing the industry,,,$0,
Marine Innovation,South Korea,Applications,https://marineinv.com/,,,Bioplastics / biomaterials,,,,2019,checked,$0,Validation / Traction
Marinoë ,France,Farming & harvesting,https://marinoe.fr/,"Himanthalia elongata,Palmaria palmata,Porphyra sp.,Ulva sp.,Undaria sp.",Wild harvesting,Food,,,,1992,,$0,
Marinomed,Austria,Applications,https://www.marinomed.com/en,,,Pharmaceuticals,,,,2006,checked,$0,Scale-up / Industrialisation
Marinova,Australia,"Applications,Farming & harvesting",https://www.marinova.com.au/,"Undaria Pinnatifida,Fucus vesiculosus",Wild harvesting,"Nutraceuticals,Pharmaceuticals",Fucoidans,,,2003,checked,$0,Validation / Traction
maripure,Denmark,"Applications,Farming & harvesting",https://www.maripure.com/,Asparagopsis sp.,,,,,,2021,checked,$0,
Maritide,India,Farming & harvesting,https://www.maritide.earth/,Ulva sp.,"Onshore,Aquaculture",,,,,2023,checked,$0,Research / product development
Marivate,UK,Breeding & propagation,https://www.marivate-seaweed.com/,,,,,,,2022,,$0,
Marley Family Seaweeds,USA,Farming & harvesting,https://marleyfamilyseaweeds.com/,,Wild harvesting,,,,,,,$0,
Marnova,USA,"Farming & harvesting,Applications",https://www.marnova.co/,,Aquaculture,Carbon sequestration,,,,2025,checked,$0,
Martelly's Ocean Gardens,Saint Lucia,"Farming & harvesting,Applications",,,,Nutraceuticals,,,,,,$0,
Marudai Seaweed,Japan,Applications,http://www.marudaikaisou.com/,,,Food,Dried/raw seaweed,,,,,$0,
Maruha Nichiro Co.,Japan,Applications,https://www.maruha-nichiro.co.jp/,,,Food,Dried/raw seaweed,,,,,$0,
Maruho Hobara Shoten Co.,Japan,Applications,https://www.hobara.com/,,,Food,Dried/raw seaweed,,,,,$0,
Maruki Endo Co.,Japan,Applications,https://yoriiso.com/,,,Food,Dried/raw seaweed,,,,,$0,
Marutoku,Japan,Applications,http://marutokunori.jp/en/company/,,,Food,Dried/raw seaweed,,,,,$0,
Maruyama,Japan,Applications,https://www.maruyamanori.com/,,,Food,Dried/raw seaweed,,,,,$0,
Matsuei Co.,Japan,Applications,https://w-shouei.jp/,,,Food,Dried/raw seaweed,,,1987,,$0,
Matsumoto Seaweed Co.,Japan,Applications,http://www13.plala.or.jp/m-kaisou/index.html,,,Food,Dried/raw seaweed,,,,,$0,
Matsutani,Japan,Applications,https://matsutaninori.co.jp/,,,Food,Dried/raw seaweed,,,,,$0,
MAVUNOLAB,Tanzania,Infrastructure & equipment,https://mavunolab.org/,,,,,,,2024,,$0,
Mawimbi (prev Sayari Ventures),Kenya,Farming & harvesting,http://mawimbi.co/,,,,,,,2023,checked,$0,Pilot / Demonstration
Maxicrop,UK,Applications,https://maxicrop.com/,,,Plant & soil nutrition,,,,,,$0,
MCA Algas y Derivados,Spain,Applications,https://mcaalgasyderivados.es,Ascophyllum nodosum,,Plant & soil nutrition,,,,2000,checked,$0,Mature / Public
McKinley Research Group,USA,Consulting,https://mckinleyresearch.com/,,,,,,Growing the industry,1974,,$0,
MCPI (Marine Colloid Philippines),Philippines,Applications,https://mcpicarrageenan.com/,,,Hydrocolloids,Carrageenan,,,,,$0,
Mediterranean Algae,Spain,"Farming & harvesting,Applications",https://www.mediterraneanalgae.com/,Ulva sp.,"Aquaculture,Onshore",Bioremediation / wastewater treatment,,Vincle Capital,,2020,checked,"$350,000",Pilot / Demonstration
Mellisa,Denmark,Applications,https://mellisa.dk/,,,Personal care,,,,,,$0,
Mendocino Sea Vegetable Company,USA,Farming & harvesting,https://www.seaweed.net/,,Wild harvesting,Food,,,,,,$0,
Meron (Marine Hydrocolloids),India,"Farming & harvesting,Applications",https://www.meron.com/,,,Hydrocolloids,Agar,,,1980,checked,$0,Mature / Public
Metal Production,Lithuania,Infrastructure & equipment,https://metalproduction.lt/,,,,,Morten Kroslid,,,,$0,
Mie University Seaweed Biorefinery Center,Japan,Processing,https://www.mie-u.ac.jp/research/intro/msbr-center.html,,,,Extraction,,,,,$0,
Miha Biotech,Canada,Applications,https://www.mihabiotech.com/,,,Pharmaceuticals,,Ocean Startup Challenge,,2022,checked,$0,Research / product development
Mina Agar Makmur / SeaSae,Indonesia,Farming & harvesting,https://www.uluu.com.au/press/uluu-signs-jv-deal-with-indonesian-seaweed-supplier,Gracilaria sp.,,,,,,,,$0,
Miryang Agar,South Korea,Applications,https://miryangagaragar.com/,,,Hydrocolloids,Agar,,,,,$0,
Mitsu Co.,Japan,Applications,http://www.mitsucorp.co.jp/index.html,,,Food,Dried/raw seaweed,,,,,$0,
Mitsubishi Corporation Life Sciences Limited,Japan,Applications,https://www.mcls-ltd.com/en/,,,Hydrocolloids,"Agar,Carrageenan,Alginate",,,,,$0,
Mitui Shoten,Japan,Applications,http://www.mitui-wakame.com/,,,Food,Dried/raw seaweed,,,,,$0,
Miyakojima Fisheries Cooperation,Japan,Farming & harvesting,https://www.miyakojimagyo.com/,"Cladosiphon okamuranus,Ulva sp.",Nearshore,,,,,,,$0,
MJK Universal Indonesia,Indonesia,Farming & harvesting,,"Kappaphycus alvarezii,Eucheuma denticulatum",,,,,,,,$0,
Mobile Sea Otters,Japan,Conservation & restoration,https://rakkotai.org/en/,,,,Urchin removal,,,,,$0,
Monkeys By The Sea,Netherlands,Applications,https://monkeysbythesea.com,,,Food,Seafood substitute,,,2021,checked,"$500,000",Validation / Traction
Montauk Seaweed Supply Company,USA,Applications,https://montaukseaweedsupply.com/,Dasysiphonia japonica,,Plant & soil nutrition,,,,2021,,$0,
Monterey Bay Seaweeds,USA,Farming & harvesting,http://www.montereybayseaweeds.com/,"Palmaria palmata,Ulva sp.,Gracilaria sp.,Porphyra sp.,Alaria marginata","Aquaculture,Onshore",,,,,,,$0,
Moonrise Seaweed Farm,Australia,Farming & harvesting,https://moonriseseaweed.farm/,Ecklonia radiata,Wild harvesting,,,,,2019,,$0,
Moreshrooms,Norway,Applications,https://more-shrooms.com/,,,Food,Protein,Blue Bio Value,,2023,checked,$0,Research / product development
Morocco Seaweed,Morocco,Farming & harvesting,https://www.morocco-seaweed.com/,"Ulva lactuca,Gelidium sesquipedale,Gracilaria sp.,Gigartina sp.,Laminaria sp.",,,,,,,,$0,
Moss Be Nice,Jamaica,"Farming & harvesting,Applications",https://www.instagram.com/mossbenice.ja/,,,Nutraceuticals,,,,,,$0,
MRDC (RICO),Philippines,Applications,https://www.mrdccarrageenan.com/,,,Hydrocolloids,Carrageenan,,,1980,checked,$0,Mature / Public
MSC,South Korea,Applications,http://msckorea.com/,,,Hydrocolloids,"Agar,Carrageenan,Alginate",,,,,$0,
mujō,Germany,Applications,https://mujolab.com/,,,Bioplastics / biomaterials,,,,2021,checked,$0,Research / product development
Murre Technologies,Netherlands,Infrastructure & equipment,https://www.murre.nl/,,,,,,,,,$0,
Mwani Blu,Kenya,Applications,https://mwaniblu.com/,,,Plant & soil nutrition,,TECA,,2023,,$0,
Mwani Zanzibar,Tanzania,"Farming & harvesting,Applications",https://mwanizanzibar.com/,Eucheuma denticulatum,Aquaculture,Personal care,,,,,,$0,
N9VE (pivot),Portugal,Applications,,,,,,Blue Bio Value,,2019,checked,$0,Pivot away from seaweed
NAAM Madagascar (Natural Aromes Authentic of Madagascar),Madagascar,Farming & harvesting,https://www.linkedin.com/in/anita-ah-ying-b8617a56/,"Kappaphycus alvarezii,Eucheuma denticulatum,Ulva sp.","Aquaculture,Nearshore",,,,,,,$0,
Naas Foods / Keltsmaht Kelp,Canada,"Farming & harvesting,Applications",https://naasfoods.com/,Macrocystis tenuifolia,"Wild harvesting,Aquaculture","Food,Plant & soil nutrition",,,,2021,,$0,
Nagai Nori,Japan,Applications,https://www.nagainori.co.jp/english/,,,Food,Dried/raw seaweed,,,,,$0,
Nama Fiji (Essence of Fiji),Fiji,Applications,https://nama-fiji.com/,Caulerpa lentillifera,Wild harvesting,Personal care,,,,,,$0,
"Nantong Dingbur Seaweed Food Co., Ltd.",China,"Farming & harvesting,Applications",http://en.dingbuer.com.cn/,Porphyra yezoensis,"Aquaculture,Nearshore",Food,Dried/raw seaweed,,,,,$0,
"Nantong Reliable Seaweed Co., Ltd",China,"Applications,Farming & harvesting",http://www.reliableseaweed.com/index.html,Porphyra sp.,Aquaculture,Food,Dried/raw seaweed,,,2005,,$0,
"Nantong Sinfo Food Co., Ltd.",China,"Applications,Farming & harvesting",https://www.china-nori.com/,Porphyra sp.,,Food,Dried/raw seaweed,,,2013,,$0,
"Nantong Yuanwei Food Co., Ltd",China,"Applications,Farming & harvesting",https://www.yuanweinori.com/,Porphyra sp.,,Food,Dried/raw seaweed,,,2015,,$0,
National Federation of Nori and Shellfish Fisheries Cooperatives of Japan,Japan,Multi-stakeholder platform,http://www.zennori.or.jp/,,,,,,Producers association,,,$0,
National Seaweed Hub,USA,Multi-stakeholder platform,https://seaweedhub.extension.uconn.edu/,,,,,,Growing the industry,,,$0,
Native Conservancy,Canada,Conservation & restoration,https://www.nativeconservancy.org/oceanback-habitat-restoration.html,,,,,,,,,$0,
Natrakelp,Australia,Applications,https://www.natrakelp.com/,,,Plant & soil nutrition,,,,,,$0,
NatraSol,Australia,Applications,https://www.natrasol.com.au/,,,Plant & soil nutrition,,,,,,$0,
Natural Plant Protection (UPL),India,Applications,https://www.npp-ag.com/,,,Plant & soil nutrition,,,,2020,checked,$0,Mature / Public
Naturalg,Madagascar,Farming & harvesting,,Kappaphycus alvarezii,"Aquaculture,Nearshore",,,,,,,$0,
Nautical Farms,USA,Farming & harvesting,https://www.nauticalfarms.com/,"Alaria esculenta,Saccharina latissima",Aquaculture,,,,,,,$0,
Nemo Seafarms,Finland,Farming & harvesting,https://www.nemo-seafarms.com/,Fucus sp.,Aquaculture,,,,,2021,,$0,
Neomed-Pharma (Algifol / Nutripferd),Germany,Applications,https://neomed-pharma.com/,Ascophyllum nodosum,,"Feed,Nutraceuticals,Plant & soil nutrition",,,,,,$0,
Neptune Elements,France,Applications,https://neptuneelements.com/,,,Food,Snacks and seasoning,,,2021,checked,"$987,000",Validation / Traction
Neptune's Harvest,USA,Applications,https://www.neptunesharvest.com/,,,Plant & soil nutrition,,,,,,$0,
Neptune's Yard / Nurturing by Nature,UK,Applications,https://www.nurturingbynature.co.uk/product/neptunes-yard-prebiotic-fermented-seaweed-dog-food-supplement,,,Feed,Pet food,,,2021,,$0,
NeptuTherm,Germany,Applications,https://www.neptugmbh.de/,Posidonia oceanica,,Construction,,,,,,$0,
New England Sea Farms,USA,Farming & harvesting,https://newenglandseafarms.com/,Saccharina latissima,Aquaculture,Food,,,,,,$0,
New Wave Foods (failed),USA,Applications,,,,Food,Seafood substitute,"Blue Horizon,Big Idea Ventures,Evolution VC,New Enterprise Associates (NEA),Zandbergen World’s Finest Meat,Tyson Foods",,2015,checked,"$18,000,000",Failed / Zombie
Newfoundland Seaweed Company,Canada,Farming & harvesting,https://nlseaweed.com/,,Wild harvesting,,,,,,,$0,
Nextgen Biotech,India,Applications,https://www.nextgenbiotech.in/,Ascophyllum nodosum,,Plant & soil nutrition,,,,2022,checked,$0,Validation / Traction
NH Foods (NatuMeat),Japan,Applications,https://www.nipponham.co.jp/eng/,,,Food,Seafood substitute,,,,,$0,
Niconico Nori,Japan,Applications,https://www.niconico-nori.co.jp/,,,Food,Dried/raw seaweed,,,,,$0,
Nippon Steel,Japan,"Applications,Conservation & restoration",https://energy-shift.com/news/2c9d7cd2-a57b-42f8-be7d-d725587d0d23/,,,Construction,,,,,,$0,
Nitto Seaweed Co.,Japan,Applications,http://www.nittoukaisou.co.jp/,,,Food,Dried/raw seaweed,,,,,$0,
NividiSkin,France,Applications,https://nividiskin.com/,,,Personal care,,,,,,$0,
NOAA,USA,Multi-stakeholder platform,https://www.noaa.gov/,,,,,,Growing the industry,,,$0,
Noble Ocean Farms,USA,Farming & harvesting,https://nobleoceanfarms.com/,"Alaria esculenta,Alaria marginata,Nereocystis luetkeana",Aquaculture,,,Alaska Ocean Cluster,,,,$0,
Nomet,Belgium,Applications,https://www.nomet.be/,,,Food,,,,,,$0,
Noordoogst,Netherlands,Farming & harvesting,https://noordoogst.nl/,,"IMTA,Onshore",Food,,,,2013,,$0,
Nora Snacks,USA,Applications,https://www.norasnacks.com/,,,Food,Snacks and seasoning,,,2018,checked,$0,Validation / Traction
Nordaqua,Finland,"Multi-stakeholder platform,Research",https://nordaqua.fi/,,,,,,Research platform,,,$0,
Nordi Ocean,Norway,"Applications,Breeding & propagation,Processing,Farming & harvesting",https://www.nordiocean.no/,,,,,,,2017,checked,$0,Pilot / Demonstration
Nordic Algae (failed),Denmark,Infrastructure & equipment,,,,,,EIT Climate-KIC,,2016,checked,$0,Failed / Zombie
Nordic Seafarm,Sweden,Farming & harvesting,https://www.nordicseafarm.com/,"Saccharina latissima,Ulva sp.",Aquaculture,Food,,"Almi Invest,JCE Ventures,Kale United,Inter Ikea Group,InnoEnergy",,2016,checked,"$4,550,000",Pilot / Demonstration
Nordisk Tang - Nordic Seaweed (failed),Denmark,Applications,,,,Food,Snacks and seasoning,Accelerace,,2015,checked,$0,Failed / Zombie
Norfolk Seaweed,UK,Farming & harvesting,https://www.norfolkseaweed.com/,,Aquaculture,,,,,,,$0,
Nori Business Promotion Council,Japan,Multi-stakeholder platform,https://www.temakizushi.com/,,,,,,Producers association,,,$0,
Noriware,Switzerland,Applications,https://www.noriware.com,,,Bioplastics / biomaterials,,,,2021,checked,"$1,118,000",Research / product development
North American Kelp,USA,"Applications,Farming & harvesting",https://noamkelp.com/,Ascophyllum nodosum,Wild harvesting,"Feed,Plant & soil nutrition",,,,1971,checked,$0,Mature / Public
North Atlantic Organics,Canada,"Farming & harvesting,Applications",https://www.naorganics.com/,Laminaria sp.,Wild harvesting,"Feed,Plant & soil nutrition",Livestock feed,,,,,$0,
North Coast Seafoods,USA,Applications,https://www.northcoastseafoods.com/,,,Food,,,,,,$0,
North Sea Farmers,Netherlands,Multi-stakeholder platform,https://www.northseafarmers.org/,,,,,,Producers association,,,$0,
North Sea Greens,Netherlands,Distribution,https://www.northseagreens.nl/,,,Food,,,,2021,checked,$0,Validation / Traction
North Seaweed,Netherlands,Distribution,https://www.northseaweed.nl/,,,,,,,,,$0,
Norway Seaweed AS,Norway,Applications,https://norwayseaweed.no/,,,Nutraceuticals,,,,2015,,$0,
Norwegian Seaweed Biorefinery Platform,Norway,"Multi-stakeholder platform,Research,Processing",https://www.sintef.no/projectweb/seaweedplatform/,,,,Biorefinery,,Research platform,,,$0,
Norwegian Seaweed Farms,Norway,Multi-stakeholder platform,https://www.norwegianseaweedfarms.com/,,,,,,Producers association,,,$0,
Norwegian Seaweed Production / Fjord Tang,Norway,"Farming & harvesting,Infrastructure & equipment",https://norwegiansp.no/,Laminaria hyperborea,Wild harvesting,,,"Aksello,Innovation Norway",,2016,checked,"$2,200,000",Scale-up / Industrialisation
Notpla,UK,Applications,https://www.notpla.com/,,,"Bioplastics / biomaterials,Paper / cardboard",,"Sky Ocean Ventures,Lupa Systems,Astanor Ventures,Stichting DOEN,Torch Capital,Crowdfunding,Catalytic Capital for Climate & Health - Temasek Trust,UB Forest Industry Green Growth Fund",,2014,checked,"$47,100,000",Validation / Traction
Nova Scotia Fisherman,Canada,Applications,https://www.novascotiafisherman.com/,,,Personal care,,,,2012,,$0,
NovaMatrix (IFF),Norway,Applications,https://novamatrix.biz/,,,Hydrocolloids,Alginate,,,,,$0,
Numami,Estonia,Applications,https://numami.ee/,,,Food,Snacks and seasoning,,,,,$0,
Numar ,Portugal,,https://numarbiotech.wixsite.com/sines,,Aquaculture,,,Blue Bio Value,,2021,checked,$0,Research / product development
Nün,Chile,"Applications,Farming & harvesting",https://en.productosnun.com/,Durvillaea antarctica,Wild harvesting,Food,,,,,,$0,
NUQO,France,Applications,http://nuqo.eu/,,,Feed,,,,2019,checked,$0,Scale-up / Industrialisation
Nuri,France,Applications,https://www.bonjournuri.com/,"Saccharina latissima,Undaria Pinnatifida,Palmaria palmata,Porphyra sp.,Ulva sp.,Himanthalia elongata",,Food,Snacks and seasoning,,,2020,checked,$0,Validation / Traction
Nutri-San,Vietnam,"Farming & harvesting,Applications",https://nutri-san.eco/,Ulva sp.,"Aquaculture,Wild harvesting",Feed,"Livestock feed,Aquafeed,Pet food",Future Planet Capital,,2017,checked,$0,Validation / Traction
Nutrico,South Africa,Applications,https://www.nutrico.co.za/,Ecklonia maxima,,Plant & soil nutrition,,,,,,$0,
Nutrimar AS,Norway,Farming & harvesting,https://nutrimar.no/,Laminaria hyperborea,Wild harvesting,"Food,Nutraceuticals",,,,2007,checked,$0,Mature / Public
NUWEN by Setalg (failed),France,Applications,,"Ascophyllum nodosum,Fucus sp.,Palmaria sp.,Porphyra sp.,Ulva sp.,Undaria sp.",,"Personal care,Feed,Plant & soil nutrition,Food","Pet food,Aquafeed",,,,,$0,
NZ Kelp,New Zealand,"Farming & harvesting,Applications",https://www.nzkelp.co.nz/,Macrocystis pyrifera,Wild harvesting,"Feed,Plant & soil nutrition,Food","Livestock feed,Snacks and seasoning",,,2010,,$0,
OCC Corporation,Japan,Infrastructure & equipment,https://www.resortech.okinawa/news/case-study/jirei4,Caulerpa lentillifera,"Aquaculture,Onshore",,,,,1967,,$0,
Ocealg,France,Farming & harvesting,https://www.ocealg.com/,,Wild harvesting,Food,,,,,,$0,
Ocean Agraria,Indonesia,Farming & harvesting,https://oceanagraria.com/,"Sargassum sp.,Eucheuma denticulatum","Wild harvesting,Aquaculture",,,,,2022,,$0,
Ocean and Green,New Zealand,Applications,https://www.oceanandgreen.co.nz/,Macrocystis sp.,,"Personal care,Food,Nutraceuticals",Snacks and seasoning,,,,,$0,
Ocean Barriers,Mexico,Infrastructure & equipment,https://oceanbarriers.com/,Sargassum sp.,,,,,,,,$0,
Ocean Biofuels,UK,Infrastructure & equipment,https://oceanbiofuels.co.uk/,,,,,,,2022,checked,$0,Research / product development
Ocean Bites,Belgium,Farming & harvesting,https://www.oceanbites.eu/,Palmaria palmata,"Aquaculture,Onshore",,,,,2022,checked,$0,Validation / Traction
Océan de saveurs,Canada,"Farming & harvesting,Applications",https://oceandesaveurs.ca/,,Wild harvesting,Food,,,,,,$0,
Ocean Era,USA,Farming & harvesting,http://ocean-era.com/,,"Aquaculture,Offshore,IMTA",,,,,2012,,$0,
Ocean Farmers,Madagascar,Farming & harvesting,https://ocean-farmers.com/,Kappaphycus alvarezii,"Aquaculture,Nearshore",,,,,,,$0,
Ocean Forest (Lerøy Ocean Harvest / Maer),Norway,"Farming & harvesting,Applications",https://www.leroyseafood.com/en/sustainability/ocean-harvest/,"Alaria esculenta,Laminaria digitata,Palmaria palmata,Saccharina latissima,Ulva lactuca","Aquaculture,IMTA",Food,Snacks and seasoning,,,2016,checked,$0,Pilot / Demonstration
Ocean Harvest Sea Vegetables,USA,Farming & harvesting,https://seaweedmermaid.com/,,Wild harvesting,Food,,,,1981,,$0,
Ocean Harvest Technology,Ireland,"Farming & harvesting,Applications",https://oceanharvesttechnology.com/,,"Wild harvesting,Aquaculture,Onshore",Feed,"Livestock feed,Pet food","Blue Wire Capital,IPO",,2017,checked,"$8,400,000",Mature / Public
Ocean kiss,France,Applications,https://www.ocean-kiss.com/,,,Food,Seafood substitute,,,2023,checked,$0,Pilot / Demonstration
Ocean Knowledge,Ireland,"Farming & harvesting,Applications",https://www.oceankl.com/,Ascophyllum nodosum,Wild harvesting,Plant & soil nutrition,,,,2018,checked,$0,Validation / Traction
Ocean Leaves ( K + M Aquatic Plant Enterprises),Ireland,Applications,https://oceanleaves.ie/,,,Plant & soil nutrition,,,,2013,,$0,
Ocean Made,USA,Applications,https://www.oceanmade.co/,,,"Bioplastics / biomaterials,Plant & soil nutrition",,,,2021,checked,$0,Pilot / Demonstration
Ocean Organics,USA,"Farming & harvesting,Applications",https://oceanorganics.com/,Ascophyllum nodosum,Wild harvesting,Plant & soil nutrition,,,,,,$0,
Ocean Purpose Project,Singapore,Multi-stakeholder platform,https://www.oceanpurposeproject.com/,,,,,,,2019,,$0,
Ocean Rainforest,Faroe Islands,Farming & harvesting,https://www.oceanrainforest.com/,"Alaria esculenta,Laminaria digitata,Saccharina latissima","Aquaculture,Offshore",,,"Katapult Ocean,WWF,Grantham Foundation,Sea Ahead,Norðoya Íløgufelag,Ocean Born Foundation,Twynam Invest,Triodos Impact Investment,Potato Impact Partners",,2007,checked,"$10,500,000",Validation / Traction
Ocean Scientific International Ltd (OSIL),UK,Monitoring tech & software,https://osil.com/2021/08/05/new-aquaculture-monitoring-buoy-for-asset-management/,,,,,,,,,$0,
Ocean Wise,Canada,Conservation & restoration,https://ocean.org/,,,,,,,,,$0,
Ocean's Balance,USA,Applications,https://oceansbalance.com/,,,Food,Snacks and seasoning,"Katapult Ocean,St. Cousair,Norfolk Green Ventures",,2016,checked,$0,Validation / Traction
Ocean's Halo (New Frontier Foods),USA,Applications,https://oceanshalo.com/,,,Food,Snacks and seasoning,"Gratitude Railroad,Cava Capital",,2011,checked,"$16,000,000",Scale-up / Industrialisation
Ocean's Oasis,Costa Rica,Farming & harvesting,https://www.linkedin.com/company/oceansoasis-cr/,,,,,,,,,$0,
Oceana,USA,Conservation & restoration,https://oceana.org/,,,,,,,,,$0,
Oceana Minerals,Brazil,"Farming & harvesting,Applications",https://www.oceanaminerals.com/,Lithothamnium sp.,Wild harvesting,"Feed,Plant & soil nutrition","Livestock feed,Aquafeed",,,,,$0,
oceanBASIS,Germany,Applications,https://www.oceanbasis.de/,,,"Food,Personal care",,,,2001,,$0,
oceanfarmr,Australia,"Monitoring tech & software,Financing & insurance",https://www.oceanfarmr.com/,,,,,"Katapult Ocean,Biodiversity Accelerator,Builders Vision",,2020,checked,"$1,450,000",Pilot / Demonstration
Oceanfruit,Germany,Applications,https://oceanfruit.de/en/,,,Food,Snacks and seasoning,,,2020,checked,$0,Validation / Traction
Oceanic Seaweeds,India,"Farming & harvesting,Applications",https://www.linkedin.com/in/oceanic-seaweeds-p-ltd-519552289/,"Kappaphycus alvarezii,Gracilaria sp.","Aquaculture,Nearshore","Nutraceuticals,Plant & soil nutrition",,,,2017,,$0,
Oceanium,UK,"Applications,Processing",https://www.oceanium.co.uk/,,,"""Pigments, inks, dyes, coatings"",Food,Personal care","Biorefinery,Fucoidans","Katapult Ocean,WWF,Green Angel Syndicate,Sky Ocean Ventures,Sustainable Ocean Alliance,Builders Vision,Norfolk Green Ventures,Sustainable Finance Initiative,BDT & MSD Partners,Sea Ahead",,2018,checked,"$7,000,000",Pilot / Demonstration
OceanOrganic,Canada,"Farming & harvesting,Applications",https://organicocean.ca/,"Ascophyllum nodosum,Fucus vesiculosus,Saccharina longicruris",Wild harvesting,"Feed,Plant & soil nutrition",,,,2008,checked,$0,Scale-up / Industrialisation
Oceans 2050,Germany,"Research,Conservation & restoration",https://oceans2050.com/,,,,,,,,,$0,
Oceans Alaska,USA,Breeding & propagation,https://oceansalaska.org/,,,,,,,,,$0,
Oceans of Goodness,UK,Applications,https://www.oceansofgoodness.co.uk/,,,"Feed,Nutraceuticals",Pet food,,,,,$0,
Oceans Plastic,USA,Applications,https://www.oceansplastic.com/,,,Bioplastics / biomaterials,,,,2022,checked,$0,Research / product development
Oceans Unlocked / SeaFlavours,Netherlands,Distribution,https://seaflavours.nl/,,,Food,,,,,,$0,
OceanWide Seaweed,Denmark,Farming & harvesting,https://www.linkedin.com/in/oceanwide-seaweed-aps-656b97241/,Palmaria palmata,Aquaculture,,,,,2022,checked,$0,Pilot / Demonstration
Odakane Co.,Japan,Applications,https://www.odakane.jp/,,,Food,Dried/raw seaweed,,,,,$0,
Offshore Greens,USA,Applications,https://offshoregreens.com/,,,Nutraceuticals,,,,,,$0,
Ogura ,Japan,Distribution,https://www.ogurakonbu.co.jp/,Saccharina japonica,,,,,,,,$0,
Ohmoriya,Japan,Applications,https://ohmoriya-inc.co.jp/,,,Food,Dried/raw seaweed,,,,,$0,
Ohno Nori,Japan,Applications,https://www.oononori.co.jp/oononori/own/index.asp,,,Food,Dried/raw seaweed,,,,,$0,
Oilean Glas Teoranta (TradeCorp / Rovensa Next),Ireland,"Farming & harvesting,Applications",https://ogt.ie/,Ascophyllum nodosum,Wild harvesting,Plant & soil nutrition,,,,2004,checked,$0,Mature / Public
Oimo,Spain,Applications,https://oimomaterial.com/,,,Bioplastics / biomaterials,,EIT Climate-KIC,,2019,checked,$0,Pilot / Demonstration
Oki Products Co.,Japan,Applications,https://www.okiproducts.co.jp/,,,Food,Dried/raw seaweed,,,,,$0,
Ola Farms,USA,Farming & harvesting,https://www.olafarms.org/,,,,,,,,,$0,
Olala,France,Applications,https://www.olalafoods.fr/,,,Food,,,,2021,checked,$0,Validation / Traction
Olgram,France,Applications,https://www.olgram.com/,,,Pharmaceuticals,,Bpifrance,,2021,checked,"$1,800,000",Pilot / Demonstration
Olijck,Netherlands,Applications,https://www.olijckfoods.com/,"Palmaria palmata,Undaria sp.",,Food,Meat substitute,,,2016,,$0,
OLMIX,France,"Applications,Farming & harvesting",https://olmix.com/,"Solieria sp.,Ulva sp.","Wild harvesting,Aquaculture","Plant & soil nutrition,Feed","Livestock feed,Pet food,Aquafeed",,,1995,checked,$0,Mature / Public
Omar Seaweed,Oman,Farming & harvesting,https://www.omar-seaweed.om/,,"Aquaculture,Offshore",,,,,2021,checked,$0,Pilot / Demonstration
Omø Fisk & Tang,Denmark,Farming & harvesting,https://omoetang.dk/,"Fucus serratus,Fucus vesiculosus,Laminaria digitata,Saccharina latissima",Wild harvesting,Food,,,,,,$0,
Oo-Nee,USA,Conservation & restoration,https://www.oo-nee.com/,,,,Urchin removal,,,2024,checked,$0,Research / product development
Operation Crayweed,Australia,Conservation & restoration,http://www.operationcrayweed.com/,,,,,,,,,$0,
Oregon Chem Group,Chile,Applications,https://oregonchem.com/,,,Hydrocolloids,Agar,,,,,$0,
Oregon Dulse,USA,Farming & harvesting,http://www.oregondulse.com/,"Palmaria mollis,Devaleraea Mollis","Aquaculture,Onshore",,,"Katapult Ocean,Blue Bio Value",,2016,checked,$0,Validation / Traction
Oregon Kelp Alliance,USA,Conservation & restoration,https://www.oregonkelp.com/,,,,,,,,,$0,
Oregon Sea Farms,USA,Farming & harvesting,https://www.oregonseafarms.com/,Palmaria mollis,"Wild harvesting,Aquaculture",Food,,,,,,$0,
Organics Atlantic,South Africa,Farming & harvesting,https://www.organicsatlantic.com/,"Laminaria sp.,Ecklonia maxima,Ulva sp.,Porphyra sp.",Wild harvesting,,,,,,,$0,
Origin by Ocean,Finland,"Farming & harvesting,Processing,Applications",https://www.originbyocean.com/,"Fucus vesiculosus,Sargassum sp.,Saccharina latissima,Rugulopteryx okamurae","Wild harvesting,Aquaculture",Personal care,Biorefinery,"Angel investors (various),KPMG Finland,Kiilto Ventures,Blue Bio Value,Batofin,Lifeline Ventures,Voima Ventures",,2019,checked,"$10,375,000",Pilot / Demonstration
Orkney Seaweed Company Ltd,UK,"Applications,Farming & harvesting",https://www.orkneyseaweed.co.uk/,,Wild harvesting,Plant & soil nutrition,,,,,,$0,
OSEA,USA,Applications,https://oseamalibu.com/,,,Personal care,,,,,,$0,
Osland Havbruk AS,Norway,Farming & harvesting,https://osland.no/,Saccharina latissima,Aquaculture,,,,,,,$0,
Otomegusa Co. ,Japan,Applications,https://otomegusa.com/,,,Food,Dried/raw seaweed,,,,,$0,
Pacific Bio / RegenAqua,Australia,"Farming & harvesting,Applications",https://www.pacificbio.com.au/,,"Onshore,Aquaculture","Bioremediation / wastewater treatment,Plant & soil nutrition",,"Dragonfly Enviro Capital,Tiverton Agricultural Impact Fund",,2006,checked,"$3,200,000",Scale-up / Industrialisation
Pacific Harvest,New Zealand,Distribution,https://pacificharvest.co/,,,,,,,,,$0,
Pacific Kelp Co,USA,"Farming & harvesting,Applications",https://www.pacifickelp.co/,Macrocystis tenuifolia,Nearshore,Plant & soil nutrition,,,,2023,checked,$0,Research / product development
Pacific Northwest Organics,USA,Applications,https://pnworganics.com/,,,Plant & soil nutrition,,,,,,$0,
Pacific Sea Farms,USA,Farming & harvesting,https://www.pacificseafarms.com/,,,,,,,,,$0,
Pacific Seaweed Chile SpA,Chile,"Applications,Farming & harvesting",https://www.pasechile.com/,"Macrocystis sp.,Durvillaea antarctica,Lessonia trabeculata,Lessonia nigrescens",Wild harvesting,"Feed,Plant & soil nutrition",,,,,,$0,
Pacific Seaweed Industry Association,Canada,Multi-stakeholder platform,https://seaweedindustry.ca/,,,,,,Producers association,,,$0,
Pacific Seaweed Industry Association,Canada,Multi-stakeholder platform,https://seaweedindustry.ca/,,,,,,"Growing the industry,Producers association",,,$0,
Pakistan Seaweed,Pakistan,"Farming & harvesting,Applications",https://pakistanseaweed.com/,,Aquaculture,Feed,Livestock methane reduction,,,2024,,$0,
Pakucha,Peru,Applications,https://www.facebook.com/p/Pakucha-reposter%C3%ADa-100089805024285/,,,Food,,,,,,$0,
Panama Sea Farms,Panama,Farming & harvesting,,Kappaphycus alvarezii,Nearshore,,,,,,,$0,
Pappati La Vita,Italy,Distribution,https://www.pappatilavita.it/,,,,,,,,,$0,
Patagonia Biotecnología (Fertum),Chile,"Applications,Farming & harvesting",https://www.patbio.com/,"Macrocystis pyrifera,Ulva lactuca,Durvillaea antarctica,Porphyra columbina",Wild harvesting,Plant & soil nutrition,,SICIT Group,,2016,checked,$0,Validation / Traction
Pelagic Rear,India,Farming & harvesting,https://www.linkedin.com/feed/update/urn:li:activity:7284645826327425024/,Kappaphycus alvarezii,"Aquaculture,Nearshore",,,,,2023,,$0,
Penmayn,UK,Farming & harvesting,https://www.penmayn.eco/,,Nearshore,,,,,2019,checked,$0,Research / product development
Penn Ar Bed,France,"Farming & harvesting,Applications",https://biotechnologies-marines.com/,"Laminaria digitata,Palmaria palmata",Wild harvesting,Plant & soil nutrition,,,,,,$0,
Pep Tech Bio,India,Applications,https://www.peptechbio.com/products/seaweed-extract-ascophyllum-nodosum/,Ascophyllum nodosum,,Plant & soil nutrition,,,,2000,checked,$0,Mature / Public
PERSAI Vert,Senegal,Multi-stakeholder platform,https://persaivert.org/projet-valorisation-des-algues-senegal/,,,,,,"Growing the industry,Improving farmers' lives",,,$0,
Petani Rumput Laut,Indonesia,Applications,http://www.agarsarijaya.com/,Gracilaria sp.,Aquaculture,Hydrocolloids,Agar,,,,,$0,
PharmerSea,USA,"Farming & harvesting,Applications,Consulting",https://www.pharmersea.com/,,Aquaculture,Personal care,,,,2015,,$0,
Phee,Greece,Applications,https://phee.gr/,Posidonia oceanica,,Construction,,,,2017,checked,$0,Validation / Traction
Phoenix Mas,Indonesia,Applications,https://www.daftarperusahaan.com/bisnis/phoenix-mas-persada-pt,,Aquaculture,"Hydrocolloids,Food","Carrageenan,Snacks and seasoning",,,1993,,$0,
Phuc Huy Seaweed Co,Vietnam,Farming & harvesting,https://www.linkedin.com/company/phuc-huy-seaweed-co-ltd,"Gracilaria sp.,Ulva sp.,Kappaphycus alvarezii,Eucheuma denticulatum",Aquaculture,,,,,,,$0,
PhyCo,Canada,Applications,https://www.phyco.ca/,,,Bioplastics / biomaterials,,"Ocean Startup Challenge,Blue Bio Value",,2022,checked,$0,Research / product development
Phycolabs,Brazil,Applications,https://www.phycolabs.com/,,,Textiles,,Sustainable Ocean Alliance,,2021,checked,$0,Research / product development
Phycosem ,Spain,"Infrastructure & equipment,Breeding & propagation,Consulting",https://www.phycosem.com/en/,"Saccharina latissima,Ulva sp.","Aquaculture,Onshore",,,,,,,$0,
Phycospora,India,Breeding & propagation,https://www.linkedin.com/in/selvakumar-%E0%AE%9A%E0%AF%86%E0%AE%B4%E0%AE%BF%E0%AE%B2%E0%AF%8D-6b835980,,,,,,,2013,,$0,
phykology,South Korea,Applications,https://bemusedkorea.com/collections/phykology,,,Personal care,,,,,,$0,
Phykos (failed),USA,"Farming & harvesting,Applications",,,Aquaculture,Carbon sequestration,,Y Combinator,,2020,checked,"$125,000",Failed / Zombie
Phytomer,France,Applications,https://www.phytomer.fr/en/,,,Personal care,,,,1972,checked,$0,Mature / Public
Phywon,Malaysia,Applications,https://www.phywon.com/,,,Hydrocolloids,"Carrageenan,Alginate",,,,,$0,
Pinnacle Biosciences,India,Applications,https://www.pinnaclebiosciences.com,,,"Plant & soil nutrition,Feed,Food",,,,2012,checked,$0,Validation / Traction
Pit Seal,Ireland,Applications,https://www.pit-seal.com/,,,Bioplastics / biomaterials,,AgTechUCD,,2021,checked,$0,Pilot / Demonstration
Placencia Fishermen Cooperative,Belize,Farming & harvesting,,Eucheuma isiforme,Aquaculture,,,,,,,$0,
Planet Botanicals,USA,Applications,https://www.planetbotanicals.com/,,,Personal care,,,,,,$0,
Plant Ecology Beyond Land (Pebl),UK,"Breeding & propagation,Infrastructure & equipment",https://www.plantsbeyondland.com/,"Saccharina latissima,Alaria esculenta,Palmaria palmata",Aquaculture,,,Bright Tide Ocean/Blue Carbon Accelerator,,,,$0,
Planted Seeds,USA,Applications,https://www.getplantedseeds.com/,,,Nutraceuticals,,,,,,$0,
Plantin,France,Applications,https://www.fertilizers-plantin.com/,,,Plant & soil nutrition,,,,,,$0,
Plantsea,UK,Applications,https://plantsea.co.uk/,,,Bioplastics / biomaterials,,"SFC Capital,Sustainable Ventures",,2020,checked,"$1,100,000",Pilot / Demonstration
Plastic-i,UK,Monitoring tech & software,https://www.plastic-i.com/,,,,,,,,,$0,
Plymag,Spain,Applications,https://www.plymag.com/,Ascophyllum nodosum,,Plant & soil nutrition,,,,,,$0,
Polar Algae,Norway,Farming & harvesting,https://www.polaralgae.no/,Ascophyllum nodosum,Wild harvesting,Plant & soil nutrition,,"Pro Barents,Arctic Ocean Garden,Hammerfest Næringsinvest,NorSea Polarbase,SAMCA Group",,2016,checked,$0,Scale-up / Industrialisation
Polygal,Switzerland,Applications,https://polygal.ch/,,,Hydrocolloids,Alginate,,,,,$0,
Polymara,USA,Applications,https://www.polymara.com/,,,Bioplastics / biomaterials,,,,2022,checked,$0,Research / product development
Por el Mar,Argentina,Conservation & restoration,https://porelmar.org/,,,,,,,2022,,$0,
Porto-Muiños,Spain,Farming & harvesting,https://www.portomuinos.com/,"Chondrus crispus,Codium sp.,Gigartina pistillata,Himanthalia elongata,Laminaria ochroleuca,Mastocarpus stellatus,Porphyra sp.,Saccharina latissima,Ulva sp.,Undaria sp.",Wild harvesting,,,,,1998,,$0,
Poseidona,Spain,Applications,https://poseidona.eu/,Rugulopteryx okamurae,,Food,Protein,"Faber,Dozen Investments,ProVeg International,Sprout & About,WA4STEAM",,2023,checked,"$1,190,000",Research / product development
PP Group (Parlevliet & Van Der Plas),Netherlands,Processing,https://pp-group.nl/,,,,Whole-plant,,,,,$0,Mature / Public
Premium Seas,New Zealand,"Farming & harvesting,Applications",https://www.premiumseas.co.nz/ ,"Ecklonia radiata,Cladosiphon okamuranus,Undaria Pinnatifida","Aquaculture,Wild harvesting","Hydrocolloids,Nutraceuticals,Plant & soil nutrition,Food","Carrageenan,Fucoidans",,,2020,checked,$0,Validation / Traction
Primary Ocean Producers,USA,Applications,http://www.primaryocean.com/,Macrocystis sp.,,Plant & soil nutrition,,"For Good Ventures,ARPA-E",,2017,checked,$0,Validation / Traction
Primasea (Fertimar/Growmax),Brazil,"Farming & harvesting,Applications",https://primasea.com/,Lithothamnium sp.,Wild harvesting,"Plant & soil nutrition,Feed",,,,2014,checked,$0,Acquired / Merged
Pristine Coasts,Ireland,Lab analysis,https://pristinecoasts.com/,,,,,,,,,$0,
Proagar,Chile,Applications,,,,Hydrocolloids,Agar,,,,,$0,
Prodotti Arca,Italy,Applications,https://www.prodottiarca.it/algae/,,,Feed,Livestock feed,,,,,$0,
Prospersea,Brazil,"Farming & harvesting,Applications,Processing",https://www.prospersea.com/,Kappaphycus alvarezii,Aquaculture,Plant & soil nutrition,Extraction,,,2020,checked,$0,Pilot / Demonstration
Provectus Algae,Australia,"Farming & harvesting,Applications",https://provectusalgae.com/,Asparagopsis sp.,"Aquaculture,Onshore",Feed,Livestock methane reduction,,,2017,checked,$0,Pilot / Demonstration
PSW Peruvian Seaweeds,Peru,"Farming & harvesting,Applications",https://www.pswsa.com/,,Wild harvesting,"Feed,Plant & soil nutrition,Nutraceuticals",,,,2000,,$0,
PT Asia Sejahtera Mina Tbk,Indonesia,Farming & harvesting,http://asiamina.com/,"Kappaphycus alvarezii,Eucheuma denticulatum,Gracilaria sp.","Aquaculture,Nearshore,Onshore",,,,,2008,checked,$0,Mature / Public
PT Semesta Karunia Nusantara,Indonesia,Farming & harvesting,,,,,,,,,,$0,
Puget Sound Restoration Fund,Canada,Conservation & restoration,https://restorationfund.org/programs/bullkelp/,,,,,,,,,$0,
Pull to refresh,USA,"Farming & harvesting,Applications",https://pulltorefresh.earth/,,"Aquaculture,Offshore",Carbon sequestration,,,,2021,checked,$0,Research / product development
"Puning Huixiang Seaweed Industry Co., Ltd",China,Applications,http://www.shiyongjiao.cn/space410/,Kappaphycus alvarezii,,Hydrocolloids,"Carrageenan,Agar",,,1991,,$0,
PuntaMar,Chile,Farming & harvesting,https://www.puntamar.cl/,"Lessonia trabeculata,Lessonia nigrescens,Macrocystis pyrifera,Durvillaea antarctica,Gracilaria chilensis",Wild harvesting,,,,,2020,,$0,
Pura Bioglitter (failed),Brazil,Applications,,,,Bioplastics / biomaterials,,Blue Bio Value,,2016,checked,$0,Failed / Zombie
Pure Algae,Denmark,Infrastructure & equipment,https://www.purealgae.dk/,,"Aquaculture,Onshore",,,"Blue Bio Value,Angel investors (various)",,2018,checked,"$925,000",Validation / Traction
Pure Ocean Algae,Ireland,"Farming & harvesting,Applications,Breeding & propagation,Processing",https://www.pureoceanalgae.ie/,Palmaria palmata,"Aquaculture,Onshore,Nearshore",Food,Biorefinery,"The Yield Lab,Enterprise Ireland,Carbery Group,Sea Ahead",,2019,checked,"$1,500,000",Validation / Traction
Purify Co,Australia,Applications,https://purifyco.com.au/,,,Personal care,,,,2020,checked,$0,Validation / Traction
Pursea,Norway,Farming & harvesting,https://pursea.no/en/,,Aquaculture,,,,,2019,checked,$0,Pilot / Demonstration
Pushpa J. Shah / Agri Biochem Research Lab,India,"Applications,Farming & harvesting",https://www.pushpajshah.com/,"Ascophyllum nodosum,Kappaphycus alvarezii",Aquaculture,Plant & soil nutrition,,,,2001,checked,$0,Mature / Public
"Putian City Chengxiang Zone Jingyi Seaweed Co., Ltd",China,Applications,http://www.jingyi-agar.com/,,,Hydrocolloids,Agar,,,1995,,$0,
"Qingdao Blue Treasure Seaweed Biotech Co, LTD",China,"Applications,Farming & harvesting",https://www.bluealga.com/,"Sargassum sp.,Ascophyllum nodosum",,Plant & soil nutrition,,,,2010,,$0,
Qingdao Brightmoon Seaweed Group,China,"Farming & harvesting,Applications",http://www.bmsg.com/en,,,"Hydrocolloids,Plant & soil nutrition",Alginate,,,1968,,$0,
"Qingdao BZ Oligo Biotech Co., Ltd.",China,Applications,https://680067.en.made-in-china.com/,,,Chemicals,Oligosaccharides,,,,,$0,
Qingdao Dehui Halobios Science and Technology Co.,China,Applications,http://www.dehuiyuanyang.com/,,,Hydrocolloids,"Agar,Carrageenan",,,,,$0,
Qingdao Fengrun Seaweed Co.,China,"Farming & harvesting,Applications",http://www.fengrunseaweed.com/,,,Hydrocolloids,Alginate,,,,,$0,
Qingdao Gather Great Ocean Algae Industry Group Co. (Judayang),China,"Farming & harvesting,Applications",https://en.judayang.com/,,,"Hydrocolloids,Plant & soil nutrition,Food","Alginate,Carrageenan",,,2000,,$0,
"Qingdao Gfuri Seaweed Industrial Co., Ltd.",China,Applications,http://www.gfuri.com/,,,"Plant & soil nutrition,Hydrocolloids",Alginate,,,2001,,$0,
Qingdao Haifen Marine Biotechnology Co,China,Applications,https://discovery.patsnap.com/company/qingdao-haifen-marine-biotechnology/,,,Personal care,,,,2010,,$0,
"Qingdao Haijingling Seaweed Biotechnology Group Co.,Ltd",China,"Farming & harvesting,Applications",https://www.jlfert.com/,,,Plant & soil nutrition,,,,2006,,$0,
"Qingdao Haizhilin Biology Technology Development Co., Ltd",China,Farming & harvesting,http://hyzlin.foodmate.net/,,,Hydrocolloids,Alginate,,,,,$0,
"Qingdao Hehai Biotech Co., Ltd",China,Applications,https://www.marine-oligo.com/,,,Chemicals,Oligosaccharides,,,,,$0,
"Qingdao Hisea Chem Co., Ltd",China,Applications,https://www.hiseachem.com/Seaweed-fertilizer-id3483978.html,,,Plant & soil nutrition,,,,1996,,$0,
"Qingdao Hongxin Seaweed Co., Ltd",China,Applications,http://www.hongxinalgin.com/,,,"Plant & soil nutrition,Hydrocolloids",Alginate,,,2006,,$0,
"Qingdao Jiashidi Seaweed Co., Ltd",China,Applications,https://www.jsdseaweed.com/,,,Hydrocolloids,Alginate,,,2002,,$0,
Qingdao Jiulong Seaweed Industry Company,China,Applications,http://www.jiulonghezao.com/en/about.html,,,Hydrocolloids,Alginate,,,1988,,$0,
"Qingdao Jiyuan Seaweed Co., Ltd",China,Applications,http://en.qyk.sjfzxm.com/en/com/201412/13/628137.htm,,,"Plant & soil nutrition,Feed,Hydrocolloids",Alginate,,,1999,,$0,
Qingdao Libangda Marine Technology Co,China,"Applications,Farming & harvesting",http://en.libangda.com/,Gracilaria sp.,Aquaculture,Hydrocolloids,Agar,,,1996,,$0,
"Qingdao Liyang Seaweed Industrial Co., Ltd",China,Applications,http://www.alginategum.com,,,"Plant & soil nutrition,Food",Alginate,,,,,$0,
"Qingdao Lunda Seaweed Co., Ltd",China,Applications,https://www.listofcompaniesin.com/Qingdao_Lunda_Seaweed_Co_Ltd_Company_2052957.html,,,Hydrocolloids,Alginate,,,2007,,$0,
"Qingdao Nanshan Seaweed Co., Ltd",China,Applications,,,,Hydrocolloids,Alginate,,,2003,,$0,
Qingdao New Moon Blue Ocean Bio-tech,China,Applications,https://nmblueocean.com/,,,Plant & soil nutrition,,,,,,$0,
"Qingdao Richstar Seaweed Industrial Co., Ltd",China,Applications,https://www.exporthub.com/qingdao-richstar-seaweed-industrial-co-ltd-679531/,,,Hydrocolloids,Alginate,,,,,$0,
"Qingdao Rongde Seaweed Co, Ltd",China,Applications,http://www.rongdecn.com/,,,"Hydrocolloids,Plant & soil nutrition",Alginate,,,,,$0,
Qingdao Sea Exquisite Group,China,"Applications,Farming & harvesting",www.hllhzf.com,Ascophyllum nodosum,,Plant & soil nutrition,,,,2016,,$0,
"Qingdao Sea Grape Organic Green Algae Research and Development Co., Ltd.",China,"Farming & harvesting,Applications",http://www.qdhaiputao.edcn.net/introduce/,Caulerpa lentillifera,,Food,,,,2000,,$0,
Qingdao Seawin Biotech Group,China,"Applications,Farming & harvesting",https://www.coub.cn/,"Laminaria sp.,Ulva intestinalis","Aquaculture,Wild harvesting","Food,Plant & soil nutrition,HABs,Nutraceuticals",,,,2000,,$0,
"Qingdao Shuangcheng Seaweed Co.,",China,"Farming & harvesting,Applications",http://www.shchseaweed.com/,,,Hydrocolloids,Alginate,,,,,$0,
"Qingdao Sinta Biotechnology Co., Ltd",China,"Applications,Farming & harvesting",http://www.sintabio.com/,,,Plant & soil nutrition,,,,2016,,$0,
Qingdao Textile Group,China,"Farming & harvesting,Applications",https://www.linkedin.com/company/sinowell-textile/,,,Textiles,,,,,,$0,
Qingdao Vast Biotechnology Co.,China,Applications,http://www.vastsw.com/,,,Plant & soil nutrition,,,,,,$0,
"Qingdao Waves Algal Biological Technology Co., Ltd",China,Applications,http://www.julangfert.com/,,,"Plant & soil nutrition,Hydrocolloids",Alginate,,,2010,,$0,
"Qingdao Yuguang Seaweed Co., Ltd",China,Farming & harvesting,https://m.liepin.com/company/gs11379937/,,Aquaculture,Hydrocolloids,Alginate,,,2001,,$0,
"Qingdao Yulong Algae Co., Ltd",China,"Applications,Farming & harvesting",http://www.yl-algae.com/,,Aquaculture,"Pharmaceuticals,Nutraceuticals",Alginate,,,1991,,$0,
"Qingdao Zefeng Seaweed Chemical Co., Ltd",China,Applications,http://www.chinazefeng.com/,,,Hydrocolloids,"Alginate,Carrageenan",,,2014,,$0,
Quality Sea Veg,Ireland,Farming & harvesting,https://qualityseaveg.ie/,"Alaria esculenta,Chondrus crispus,Fucus serratus,Himanthalia elongata,Laminaria digitata,Palmaria palmata,Porphyra sp.,Saccharina latissima,Ulva intestinalis",Wild harvesting,Food,,,,,,$0,
Quality Seaweeds,New Zealand,Farming & harvesting,https://www.qualityseaweeds.co.nz/,,Wild harvesting,Plant & soil nutrition,,,,,,$0,
"Quanzhou Quangang Keshan Seaweed Co., Ltd",China,"Applications,Farming & harvesting",http://www.qzkshz.cn/,"Ulva intestinalis,Gracilaria sp.",,Feed,Aquafeed,,,2002,,$0,
Quelp,Chile,Applications,https://quelp.cl/,Durvillaea antarctica,,"Food,Bioplastics / biomaterials",Meat substitute,Blue Bio Value,,2016,checked,$0,Pilot / Demonstration
Rækt,Iceland,Multi-stakeholder platform,https://raekt.is/,,,,,,Research platform,,,$0,
Rahmat Bahari,Indonesia,Farming & harvesting,http://www.rahmatbahari.com/,"Kappaphycus alvarezii,Sargassum sp.,Eucheuma denticulatum",Aquaculture,,,,,2000,,$0,
Raw Kelp,South Africa,"Farming & harvesting,Applications",https://rawkelp.co.za/,Ecklonia maxima,Wild harvesting,Plant & soil nutrition,,,,,,$0,
Razindo Global Nusantara,Indonesia,Farming & harvesting,https://www.linkedin.com/company/razindoglobal/,"Ulva lactuca,Kappaphycus alvarezii,Sargassum sp.,Gracilaria sp.",,,,,,2021,,$0,
Red Diamond Compost,Barbados,Applications,https://reddiamondcompost.com/,Sargassum sp.,,Plant & soil nutrition,,,,,,$0,
Redox Organic,Fiji,Applications,https://www.facebook.com/organicfertilizerfiji/,,,Plant & soil nutrition,,,,2018,,$0,
Reef Check,USA,Conservation & restoration,https://www.reefcheck.org/,,,,,,,,,$0,
Reef Doctor,Madagascar,Multi-stakeholder platform,https://www.reefdoctor.org/projects/sustainable-livelihoods/aquaculture/seaweed-aquaculture/,,,,,,Improving farmers' lives,,,$0,
Reef Power Maui,USA,Farming & harvesting,https://www.reefpowermaui.com/home,,Aquaculture,Bioremediation / wastewater treatment,,,,2018,,$0,
Refasha Zanzibar,Tanzania,Applications,https://refashazanzibar.com/,,,Personal care,,Oceanhub Africa,,2024,checked,$0,Pilot / Demonstration
Renovare,Mexico,"Farming & harvesting,Applications",https://renovaremx.com/,Sargassum sp.,Wild harvesting,"Textiles,Bioplastics / biomaterials,HABs",,,,2016,checked,$0,Validation / Traction
Resea Energy,Iceland,Applications,https://www.f6s.com/company/resea-energy#about,,,Energy,Biofuel,Klak - Hringiða,,2023,checked,$0,Research / product development
ReShore (failed),Netherlands,Infrastructure & equipment,,,,,Coastal defense,StartHub Wageningen,,2020,checked,$0,Failed / Zombie
Retechflow,Japan,Infrastructure & equipment,http://www.retechflow.com/,,"Aquaculture,Onshore",,,,,2018,,$0,
Revolution Seaweed,Venezuela,Farming & harvesting,https://www.linkedin.com/in/kimberly-ayala-jim%C3%A9nez-844a831aa/,"Kappaphycus alvarezii,Eucheuma isiforme",Aquaculture,,,,,,,$0,
Rhodomaxx,Malaysia,"Applications,Farming & harvesting",https://rhodomaxx.com/,Kappaphycus alvarezii,Aquaculture,"Plant & soil nutrition,Bioplastics / biomaterials,Feed",,,,2019,checked,$0,Validation / Traction
Rí Na Mara,Ireland,"Farming & harvesting,Applications",https://rinamara.com/,"Ascophyllum nodosum,Chondrus crispus,Fucus serratus,Fucus vesiculosus,Laminaria digitata",Wild harvesting,Personal care,,,,,,$0,
Rias Seaweed Store,Japan,Applications,http://www.riasukaisouten.com/company.html,,,Food,Dried/raw seaweed,,,,,$0,
Riken Foods Co.,Japan,Applications,https://www.rikenfood.co.jp/,,,Food,Dried/raw seaweed,,,,,$0,
Riken Vitamin Co.,Japan,Applications,https://www.rikenvitamin.jp/,,,Food,Dried/raw seaweed,,,,,$0,
"Rizhao Jinchuan Seaweed Co., Ltd",China,Applications,http://jinchuanseaweed.com/en/,,,Hydrocolloids,Alginate,,,2016,,$0,
Roaring Water Sea Vegetable,Ireland,"Farming & harvesting,Applications",https://www.roaringwaterseavegetable.ie/,,Aquaculture,Food,Meat substitute,,,,,$0,
Rodrigues Algues,Mauritius,Farming & harvesting,https://www.mo.be/reportage/deze-vrouwen-houden-met-zeewier-het-hoofd-boven-water,Gracilaria salicornia,,,,,,,,$0,
Roko Agar,Spain,Applications,https://rokoagar.com/,,,Hydrocolloids,"Agar,Carrageenan",,,,,$0,
Rongbient,Vietnam,"Farming & harvesting,Applications",https://rongbient.com/,Gracilaria sp.,"Onshore,IMTA",Feed,Aquafeed,,,2023,checked,$0,Research / product development
"Rongcheng Haitai Shenglong Seaweed Cultivation Co., Ltd",China,"Applications,Farming & harvesting",http://www.whhtsl.cn/,"Undaria sp.,Laminaria sp.,Sargassum sp.",Aquaculture,Food,Snacks and seasoning,,,2012,,$0,
Rootless,USA,Applications,https://getrootless.com/,,,Nutraceuticals,,"Angel investors (various),Crowdfunding",,2021,checked,"$463,000",Validation / Traction
Rote Karaginan Nusantara,Indonesia,Applications,https://rotekaraginannusantara.com/,,Aquaculture,Hydrocolloids,Carrageenan,,,,,$0,
Royal Algaculture Corporation,Philippines,Distribution,,"Ulva sp.,Eucheuma denticulatum,Kappaphycus alvarezii",,,,,,,,$0,
Royal Greenland,Greenland,"Farming & harvesting,Applications",https://www.royalgreenland.com/royal-greenland/news-and-seafood-insight/farming-of-kelp-in-greenland/,"Alaria esculenta,Saccharina latissima",Aquaculture,Food,,,,,,$0,
Royal Hawaiian Sea Farms,USA,Farming & harvesting,,Gracilaria sp.,Onshore,Food,,,,,,$0,
Royal Ocean Kelp Co,USA,Farming & harvesting,https://www.royaloceankelp.com/,Saccharina latissima,"Aquaculture,Nearshore",,,,,,,$0,
Royal St.Lucian Seamoss Company,Saint Lucia,Farming & harvesting,https://stlucianseamosscompany.com/,,,,,,,2020,,$0,
rubisCO2,Germany,Applications,https://rubisco2.com/,Sargassum sp.,,Carbon sequestration,,,,2024,,$0,
Rubisko,UK,Monitoring tech & software,https://rubisko.co.uk/,,,,,,,2023,checked,$0,Validation / Traction
Rum and Sargassum,Barbados,Applications,https://rumandsargassum.com/,Sargassum sp.,,Energy,Biofuel,Venture for ClimateTech,,2019,checked,"$100,000",Research / product development
Rumah Rumput Laut,Indonesia,Applications,https://rumahrumputlaut.com/,,,Personal care,,,,,,$0,
Running Tide (failed),USA,Conservation & restoration,,,,Carbon sequestration,,"Shopify,Venrock,Founder Collective,Yes VC,Lowercarbon Capital,Pathbreaker Ventures,Angel investors (various),Foobar,Foundry Group,Greenpoint Partners",,2017,checked,"$54,000,000",Failed / Zombie
Sachiumi Heroes,Japan,Farming & harvesting,https://sachiumi.com/,,,,,,,,,$0,
Sacred Seaplants,Canada,Farming & harvesting,https://www.sacredseaplants.com/,,Aquaculture,,,,,2021,,$0,
Saga Prefecture Fishery Cooperative,Japan,"Farming & harvesting,Applications",https://www.jf-sariake.or.jp/,,,Food,Dried/raw seaweed,,,,,$0,
Sakai Nori,Japan,Applications,https://sakainori.shop/,,,Food,Dried/raw seaweed,,,,,$0,
Salaweg,Canada,"Farming & harvesting,Applications",https://salaweg.com/,"Saccharina latissima,Alaria esculenta,Palmaria palmata",,Food,,,,2012,,$0,
Salgax (failed),Mexico,"Farming & harvesting,Applications",,Sargassum sp.,Wild harvesting,"Plant & soil nutrition,Personal care,Paper / cardboard,HABs",,,,2015,checked,$0,Failed / Zombie
Salish Sea Greens,USA,Applications,https://salishseagreens.com/,,,Food,,,,,,$0,
Salten Algae,Norway,Farming & harvesting,https://scanmagazine.co.uk/salten-algae-future-focused-algae-farming-company-on-the-new-frontier-of-sustainability/,,,,,,,2017,,$0,
Saltwater Inc.,USA,Consulting,https://www.saltwaterinc.com/seaweed/,,,,,,,,,$0,
Samajutera / WAF Holding,Malaysia,Farming & harvesting,https://samajutera.com/,,"Aquaculture,Nearshore",,,,,,,$0,
Sambung Asa,Indonesia,Farming & harvesting,https://sambungasa.id/,"Gracilaria sp.,Kappaphycus alvarezii","Aquaculture,Onshore,Nearshore",,,,,2021,checked,$0,Pilot / Demonstration
Samhae ,South Korea,Applications,https://www.samhae.com/,,,Food,"Snacks and seasoning,Dried/raw seaweed",,,,,$0,
SAMS Enterprise,UK,"Breeding & propagation,Consulting",https://www.sams-enterprise.com/,,,,,,,,,$0,
Samudra Oceans,UK,Monitoring tech & software,https://www.samudraoceans.com/,,,,,"Undaunted / The Greenhouse,Britbots,Carbon13,British Design Fund",,2023,checked,"$1,000,000",Pilot / Demonstration
San Diego Oceans Foundation,USA,Conservation & restoration,https://www.linkedin.com/company/san-diego-oceans-foundation,,,,,,,,,$0,
Sanada Bussan Co.,Japan,Applications,https://www.sanadabussan.co.jp/,,,Food,Dried/raw seaweed,,,,,$0,
Sanfuku Seaweed Co,Japan,"Farming & harvesting,Applications",https://www.noridouraku.com/,,,Food,Dried/raw seaweed,,,,,$0,
Sanming Mingfu Agaragar Co Ltd ,China,"Farming & harvesting,Applications",https://www.hxchem.net/English/companydetail.php?usere=agar,,Wild harvesting,Hydrocolloids,Agar,,,,,$0,
Sanriku Foods Co.,Japan,Applications,https://sanrikukaisou.co.jp/,,,Food,Dried/raw seaweed,,,,,$0,
Sarda Biopolymers,India,Applications,https://www.sardabiopolymers.com/,,,Hydrocolloids,Carrageenan,,,,,$0,
Sargacreto (Dakatso),Mexico,"Infrastructure & equipment,Applications,Monitoring tech & software",https://sargacreto.com.mx/,Sargassum sp.,,"Construction,HABs",,,,2015,checked,$0,Pilot / Demonstration
Sargassum Eco Lumber,USA,Applications,https://sargassumecolumber.com/,Sargassum sp.,,Construction,,Seaworthy Collective,,2023,checked,$0,Research / product development
Sargazo Solutions,Mexico,Infrastructure & equipment,http://www.sargazosolutions.com/,Sargassum sp.,,,,,,2018,checked,$0,Validation / Traction
Satelit Sriti ,Indonesia,Applications,https://www.satelitsriti.com/index.htm,,Aquaculture,Hydrocolloids,Agar,,,,,$0,
"Sato Seagrass Co.,",Japan,Applications,https://s-kaisou.sitamati.com/,,,Food,Dried/raw seaweed,,,1878,,$0,
Satpos (failed),Norway,Monitoring tech & software,,,,,,,,2012,checked,$0,Failed / Zombie
Scalzo Foods,Australia,Applications,https://www.scalzofoods.com.au/,,,Hydrocolloids,Carrageenan,,,,,$0,
Scottish Association for Marine Science (SAMS),UK,"Research,Breeding & propagation",https://www.sams.ac.uk/,,,,,,,,,$0,
Scottish Seaweed Industry Association,UK,Multi-stakeholder platform,https://www.seaweedscotland.org/,,,,,,Producers association,,,$0,
Sea & Believe,Ireland,"Applications,Farming & harvesting",https://www.sea-believe.com/,Palmaria palmata,Aquaculture,Food,,"SOSV / IndieBio,EIT Food Accelerator Network",,2020,checked,"$500,000",Pilot / Demonstration
Sea and Flour,USA,Applications,https://www.seaandflour.com/,,,Food,,,,,,$0,
Sea Change Project,South Africa,Conservation & restoration,https://seachangeproject.com/,,,,,,,2021,,$0,
Sea Forest Australia,Australia,Farming & harvesting,https://www.seaforest.com.au/,Asparagopsis sp.,Aquaculture,Feed,Livestock methane reduction,Macquarie Infrastructure and Real Assets (MIRA),,2020,checked,"$26,100,000",Pilot / Demonstration
Sea Forest Foundation,Australia,Conservation & restoration,https://www.seaforestfoundation.com.au/,,,,,,,,,$0,
Sea Forest Macro Algae,Canada,"Farming & harvesting,Applications",https://seaforest.ca/,,Aquaculture,Food,Snacks and seasoning,,,,,$0,
Sea Green,Singapore,Monitoring tech & software,https://www.sea.green/,,,,,Bright Tide Ocean/Blue Carbon Accelerator,,2021,checked,$0,Pilot / Demonstration
Sea Greens Farms (failed),USA,"Distribution,Breeding & propagation",,,,,,Industry Capital,,2016,checked,$0,Failed / Zombie
Sea Harvest Group (Viking Aquaculture),South Africa,Farming & harvesting,https://www.seaharvestgroup.co.za/,"Ulva sp.,Gracilaria sp.","Aquaculture,IMTA,Onshore",Feed,,,,,,$0,
Sea Health Products,Australia,"Farming & harvesting,Applications",https://www.seahealthproducts.com.au/,Ecklonia radiata,"Wild harvesting,Aquaculture",Food,,Green Light,,2017,,$0,
Sea Monsters,USA,Applications,https://seamonsters.co/,,,Food,Snacks and seasoning,,,2021,,$0,
Sea Nest,New Zealand,Conservation & restoration,https://www.seanest.co.nz/,,,,,,,2024,,$0,
Sea Nymph,Ireland,"Farming & harvesting,Applications",http://www.sea-nymph-ireland.com/,,Wild harvesting,Plant & soil nutrition,,,,,,$0,
Sea Plants Solutions,USA,Infrastructure & equipment,https://www.linkedin.com/in/tim-visi-9a682032/,,"Aquaculture,Onshore",,,,,2012,,$0,
Sea Power,Tanzania,Infrastructure & equipment,https://panorama.solutions/en/solution/sea-power-innovative-seaweed-farming-technology-empower-women,,,,,,,,,$0,
Sea Quester Farms ,USA,"Applications,Farming & harvesting",https://www.seaquesterfarms.com/,"Saccharina latissima,Nereocystis luetkeana","Nearshore,Aquaculture",Food,Meat substitute,,,2022,,$0,
Sea Trees,USA,Conservation & restoration,https://seatrees.org/,,,,,,,,,$0,
Sea Vegetable Company,Japan,"Infrastructure & equipment,Farming & harvesting",https://seaveges.com/,,"Aquaculture,Onshore",,,,,2016,checked,$0,Scale-up / Industrialisation
Sea-mer,France,Applications,https://www.sea-mer.fr/,,,Personal care,,,,,,$0,
Sea‐Pür,Canada,"Applications,Farming & harvesting",https://seapur.ca/,"Laminaria sp.,Fucus vesiculosus,Furcellaria lumbricalis,Chondrus crispus",Wild harvesting,Plant & soil nutrition,,,,2017,,$0,
Sea.D,South Korea,Applications,https://welovesead.modoo.at/,"Saccharina japonica,Sargassum fusiforme",,Food,,,,,,$0,
Sea2life,USA,Distribution,https://www.sea2life.com/,,,,,,,,,$0,
Sea4Earth,France,Applications,https://www.sea4earth.com/,,Aquaculture,Food,,,,2022,,$0,
Sea4Us,Portugal,"Research,Applications",https://sea4us.pt/,,,Pharmaceuticals,,Blue Bio Value,,2013,checked,$0,Research / product development
Sea6 Energy,India,"Farming & harvesting,Applications,Infrastructure & equipment,Processing",https://www.sea6energy.com/,,Aquaculture,"Plant & soil nutrition,Bioplastics / biomaterials,Energy,Feed","Biorefinery,Aquafeed","AquaSpark,Silverstrand Capital,Tata Capital,BASF Venture Capital,Potato Impact Partners",,2010,checked,"$27,500,000",Validation / Traction
Seabed Innovation,Norway,Farming & harvesting,https://www.seabedinnovation.no/,,,Food,Urchin removal,,,2020,checked,$0,Research / product development
Seabiosis,Canada,"Applications,Farming & harvesting",https://seabiosis.com/,Saccharina latissima,Aquaculture,Food,,,,2016,,$0,
Seabloom,UK,Applications,https://www.seabloomfood.com/,,,Food,Seafood substitute,,,2020,checked,$0,Validation / Traction
Seabody (Nutramara),Ireland,"Applications,Farming & harvesting",https://seabody.com/,"Fucus vesiculosus,Ascophyllum nodosum,Saccharina latissima",Wild harvesting,"Personal care,Nutraceuticals,Feed,Pharmaceuticals","Fucoidans,Pet food",,,2017,checked,$0,Validation / Traction
SeaBox,Indonesia,Infrastructure & equipment,https://www.linkedin.com/in/charlottebjoernhansen/,,,,,,,2024,,$0,Research / product development
SeaChange Biochemistry,Canada,Processing,https://seachangebiochemistry.com/,,,"Nutraceuticals,Hydrocolloids","Biorefinery,Alginate,Fucoidans",Ocean Startup Challenge,,2020,checked,$0,Pilot / Demonstration
Seacork Studio,Canada,Applications,https://www.seacorkstudio.com/,,,Construction,,Ocean Startup Challenge,,2024,checked,$0,Pilot / Demonstration
SeaCrest,Philippines,Applications,https://seacrest-inc.com/,,,"Nutraceuticals,Personal care",,,,2024,,$0,
SEADLING,Malaysia,"Breeding & propagation,Lab analysis,Applications,Farming & harvesting",https://www.seadling.com/,Kappaphycus alvarezii,Aquaculture,Feed,Pet food,"GROW,Conservation International Ventures,Space-F,Agfunder,Katapult Ocean,The Yield Lab Asia Pacific,Kul Loesningar 3,Toyo Seikan Group",,2018,checked,"$2,000,000",Validation / Traction
Seadyes,UK,Applications,https://www.seadyes.com/,,,"""Pigments, inks, dyes, coatings""",,Blue Bio Value,,2024,checked,$0,Research / product development
SeaExpert Azores,Portugal,"Consulting,Farming & harvesting",https://seaexpert-azores.com/,"Asparagopsis armata,Asparagopsis taxiformis,Cystoseira abies-marina,Cystoseira humilis,Fucus spiralis,Halopteris scoparia,Osmundea pinnatifida,Petalonia binghamiae,Porphyra umbilicalis,Pterocladiella capillacea,Sargassum vulgare,Ulva intestinalis,Ulva rigida,Zonaria tournefortii","Aquaculture,Wild harvesting",,,,,,,$0,
Seafields,UK,"Farming & harvesting,Applications",https://www.seafields.eco/,Sargassum sp.,"Aquaculture,Offshore",Carbon sequestration,,Crowdfunding,,2021,checked,"$693,000",Pilot / Demonstration
Seaflora,Canada,Applications,https://www.seafloraskincare.com/,,,Personal care,,,,,,$0,
Seaforestation,Philippines,"Infrastructure & equipment,Applications",https://sites.google.com/climatefoundation.org/seaforestationco/home,,Aquaculture,Plant & soil nutrition,,"Sustainable Ocean Alliance,Third Derivative",,2021,checked,$0,Pilot / Demonstration
Seaforester,Norway,Conservation & restoration,https://www.seaforester.org/,,,,,,,,,$0,
SeaGen (pivot),UK,Infrastructure & equipment,https://www.seagen.io/,,,,,"Aera VC,Graph Ventures,Crowdfunding",,2021,checked,"$1,570,000",Pivot away from seaweed
Seagold,Australia,"Farming & harvesting,Applications",https://www.seagold.com.au/,Macrocystis pyrifera,Wild harvesting,Plant & soil nutrition,,,,,,$0,
Seagreen Insights,USA,Multi-stakeholder platform,https://www.seagreeninsights.org/,,,,,,Growing the industry,2023,,$0,
Seagreens,UK,Farming & harvesting,https://www.seagreens.co.uk/,,Wild harvesting,Nutraceuticals,,,,,,$0,
Seagrove Kelp,USA,Farming & harvesting,https://seagrovekelp.com/,"Saccharina latissima,Alaria marginata,Nereocystis luetkeana","Aquaculture,Nearshore",,,,,,,$0,
Seagrown,UK,"Farming & harvesting,Infrastructure & equipment",https://www.seagrown.co.uk/,,Aquaculture,,,,,2018,,$0,
SeaH4,South Africa,"Farming & harvesting,Applications",http://www.seah4.co.za/,,"Aquaculture,Onshore",Energy,,Oceanhub Africa,,2021,checked,$0,Pilot / Demonstration
Seaherb,South Korea,Applications,https://www.seaherb.com/,,,Nutraceuticals,Fucoidans,,,,,$0,
SeaKITS,Philippines,Farming & harvesting,https://seakits.net/,"Eucheuma denticulatum,Kappaphycus alvarezii","Aquaculture,Nearshore",,,,,2024,checked,$0,Pilot / Demonstration
Seakura,Israel,"Farming & harvesting,Applications,Infrastructure & equipment",https://seakura.co.il/,"Ulva sp.,Gracilaria sp.","Aquaculture,Onshore",Bioremediation / wastewater treatment,,,,2014,checked,$0,Pilot / Demonstration
Sealac,Ireland,"Farming & harvesting,Applications",https://sealac.ie/,Ascophyllum nodosum,Wild harvesting,Feed,Livestock feed,,,2016,checked,$0,Scale-up / Industrialisation
Sealaria,Israel,"Applications,Farming & harvesting",https://sealaria.com/,Gracilaria sp.,"Aquaculture,Onshore","Personal care,Pharmaceuticals",,,,2015,checked,$0,Validation / Traction
Sealife Organics,Mauritius,"Farming & harvesting,Applications",https://www.linkedin.com/in/sealife-organics-2b185a209,Sargassum sp.,Wild harvesting,Plant & soil nutrition,,"Oceanhub Africa,ENL Agri,G.O.A.L.,Ingenia,JOG,Seed Capital",,,,"$436,000",
Seaman,Denmark,Applications,https://seamanchips.com/,,,Food,Snacks and seasoning,,,2017,checked,$0,Validation / Traction
Seamore,Netherlands,Applications,https://www.seamorefood.com/,,,Food,Snacks and seasoning,De Smaakspecialist,,2015,checked,$0,Acquired / Merged
SEAnnovation,Norway,Processing,,,,Hydrocolloids,"Biorefinery,Alginate",,,2024,,$0,
SEAO2,Australia,"Infrastructure & equipment,Consulting",http://seao2.com.au/,,,,,,,,,$0,
SEAQ CORPORATION,Spain,"Farming & harvesting,Applications",https://www.linkedin.com/company/seaq-corporation/,Lithothamnium sp.,Wild harvesting,Feed,,,,,,$0,
Seaquoia (California Seaweed Company),USA,Farming & harvesting,https://www.seaquoia.com/,,Wild harvesting,Food,,,,,,$0,
Searo Labs (prev. SoluBlue),UK,Applications,https://searo.co/,,,Bioplastics / biomaterials,,FoodLabs,,2018,checked,$0,Pilot / Demonstration
Seas of Norway (failed),Norway,"Infrastructure & equipment,Farming & harvesting",,Ulva sp.,Aquaculture,,,,,2018,checked,$0,Failed / Zombie
Seas the Opportunity,UK,Consulting,https://www.seastheopportunity.co.uk/,,,,,,,,,$0,
SeaSoaked Skin,USA,Applications,https://www.seasoakedskin.com/,,,Personal care,,,,2020,,$0,
Seasol,Australia,"Applications,Farming & harvesting",https://www.seasol.com.au/,Durvillaea potatorum,Wild harvesting,Plant & soil nutrition,,,,,,$0,
Seastem (failed),Switzerland,Processing,,,,,Whole-plant,Circular Economy Transition,,2021,checked,$0,Failed / Zombie
Seastock,Australia,"Farming & harvesting,Applications,Processing",https://www.seastock.com.au/,Asparagopsis sp.,Aquaculture,"""Pigments, inks, dyes, coatings"",Feed",Livestock methane reduction,MassChallenge,,2022,checked,$0,Pilot / Demonstration
Seatec Seaweed Technology EIRL,Peru,Farming & harvesting,https://www.facebook.com/info.seatec/,Chondracanthus chamissoi,Wild harvesting,,,,,,,$0,
SeatechEnergy,Netherlands,Infrastructure & equipment,https://seatechinnovation.com/,,,,,,,2016,checked,$0,Pilot / Demonstration
Seatrients,Sweden,Applications,https://www.seatrients.com/,Chondrus crispus,,Food,Drink,Blue Bio Value,,2020,,$0,
Seaveg,Ireland,Farming & harvesting,https://www.seaveg.co.uk/,"Chondrus sp.,Himanthalia sp.,Palmaria sp.,Saccharina sp.,Ulva sp.",Wild harvesting,Food,,,,,,$0,
SeaVite,Ireland,Applications,https://seavite.com/,,,Personal care,,,,,,$0,
Seaweed & Co,UK,"Farming & harvesting,Applications",https://www.seaweedandco.com/,Ascophyllum nodosum,Wild harvesting,Nutraceuticals,,,,2014,checked,$0,Scale-up / Industrialisation
Seaweed Agogo,UK,Applications,https://www.seaweedagogo.com/,,,Food,Snacks and seasoning,,,2020,checked,$0,Validation / Traction
Seaweed and beyond,Madagascar,Applications,https://www.seaweedandbeyond.com/lander,,,Plant & soil nutrition,,,,2024,,$0,
Seaweed Bath,USA,Applications,https://seaweedbathco.com/,,,Personal care,,,,,,$0,
Seaweed City,USA,Multi-stakeholder platform,https://seaweedcity.org/,,,,,,Growing the industry,,,$0,
Seaweed Commons,USA,Multi-stakeholder platform,https://seaweedcommons.org/,,,,,,Improving farmers' lives,,,$0,
Seaweed Concept,France,Processing,https://seaweedconcept.com/,,,"Plant & soil nutrition,Food,Feed,Bioplastics / biomaterials",Food ingredients,Blue Forward Fund,,2024,checked,"$2,100,000",Pilot / Demonstration
Seaweed Consulting,Brazil,"Consulting,Farming & harvesting",https://www.seaweedconsulting.com/,Kappaphycus alvarezii,Aquaculture,,,,,,,$0,
Seaweed Enterprises Australia (Seaperia),Australia,Applications,https://www.seaperia.com/,Ascophyllum nodosum,,"Plant & soil nutrition,Feed",,,,,,$0,
Seaweed Farming Scotland,UK,Farming & harvesting,https://www.seaweedfarmingscotland.com/,"Alaria esculenta,Saccharina latissima",Aquaculture,,,,,2019,,$0,
Seaweed Feed,South Korea,Applications,https://www.seaweed-feed.com/,,,Feed,Livestock methane reduction,,,2023,checked,$0,Research / product development
Seaweed Foam,Lithuania,Applications,https://www.seaweedfoam.com/,,,Bioplastics / biomaterials,,,,2022,checked,$0,Research / product development
Seaweed Food Solutions,Netherlands,"Processing,Applications",https://seaweedfoodsolutions.com/,,,Food,Whole-plant,,,,,$0,
Seaweed for Dogs,Ireland,Applications,https://seaweedfordogs.com/,Ascophyllum nodosum,,Feed,Pet food,,,,,$0,
Seaweed for Europe,UK,Multi-stakeholder platform,https://www.seaweedeurope.com/,,,,,,Growing the industry,,,$0,
Seaweed for the People,USA,Applications,https://seaweedforthepeople.com/,,,Food,,,,,,$0,
Seaweed Industry Association of the Philippines,Philippines,Multi-stakeholder platform,https://siap-seaweed.tripod.com/,,,,,,Producers association,,,$0,
Seaweed InnovLab (failed),Singapore,Breeding & propagation,,,,,,,,2021,checked,$0,Failed / Zombie
Seaweed Japan Co.,Japan,Applications,https://seaweed-japan.co.jp/,,,Food,Dried/raw seaweed,,,,,$0,
Seaweed Organics (Diana Drummond) ,UK,"Applications,Farming & harvesting",https://dianadrummond.co.uk/,,Wild harvesting,,,,,,,$0,
Seaweed Place,Chile,"Farming & harvesting,Applications",https://www.seaweedplace.com/,Durvillaea antarctica,Wild harvesting,Food,,,,2016,,$0,
Seaweed Seychelles,Seychelles,"Farming & harvesting,Applications",https://seaweedseychelles.com/,Sargassum sp.,Wild harvesting,"Plant & soil nutrition,HABs",,,,2015,,$0,Validation / Traction
Seaweed Solutions,Norway,"Farming & harvesting,Applications,Infrastructure & equipment,Breeding & propagation",https://seaweedsolutions.com/,"Alaria esculenta,Saccharina latissima,Laminaria hyperborea,Palmaria palmata","Aquaculture,Offshore",,,"EASME - EU Executive Agency for SMEs,Innovation Norway,WWF",,2009,checked,"$4,700,000",Validation / Traction
Seaweed South Africa,South Africa,"Farming & harvesting,Applications",https://seaweedsouthafrica.com/,"Ulva uncialis,Ecklonia maxima,Porphyra capensis","Wild harvesting,Aquaculture",Food,,Bright Tide Ocean/Blue Carbon Accelerator,,2021,,$0,Research / product development
Seaweed&Friends,Sweden,Applications,https://seaweedbars.com/,,,Food,Snacks and seasoning,,,2020,,$0,
Seaweedland,Netherlands,Farming & harvesting,https://seaweedland.com/,"Palmaria sp.,Ulva lactuca,Asparagopsis armata","Aquaculture,Onshore",,,NOM,,2022,,$0,
SeaweedLink,Netherlands,Consulting,https://www.linkedin.com/company/seaweed-link/,,,,,,,2024,checked,$0,Pilot / Demonstration
Seaweeds NZ,New Zealand,Farming & harvesting,https://seaweedsnz.com/,,Wild harvesting,"Feed,Plant & soil nutrition",,,,,,$0,
SeaweedTech (merged w Dutch Seaweed Group),Netherlands,Farming & harvesting,,Ulva sp.,"Aquaculture,Onshore",,,,,2020,checked,$0,Acquired / Merged
Seaweedz Energy,India,"Applications,Farming & harvesting",https://www.linkedin.com/company/seaweedzenrgy,,Aquaculture,,,,,2023,checked,$0,Research / product development
SEAWISER,Netherlands,"Consulting,Breeding & propagation,Infrastructure & equipment,Research",https://www.seawiser.com/,,,,,,,2021,,$0,
Seawith,South Korea,Applications,https://seawith.net,,,Food,,"Korea Tech Incubator Program,Enlight Ventures,Bluepoint Partners",,2019,checked,"$6,250,000",Pilot / Demonstration
Seco SA,Chile,Applications,http://secosa.cl/,"Lessonia trabeculata,Gigartina skottsbergii,Gigartina chamissoi,Sarcothalia crispata,Iridaea laminaroides,Lessonia nigrescens,Durvillaea antarctica,Macrocystis integrifolia",Wild harvesting,,,,,,,$0,
SELT France Biotech (SELT Marine),France,"Farming & harvesting,Applications",https://seltmarinegroup.com/,"Gracilaria sp.,Gelidium sesquipedale,Kappaphycus alvarezii,Eucheuma denticulatum","Wild harvesting,Aquaculture",Hydrocolloids,"Agar,Carrageenan",,,1996,checked,"$6,200,000",Scale-up / Industrialisation
Sembilan Putra Jaya,Indonesia,Farming & harvesting,,"Kappaphycus alvarezii,Eucheuma denticulatum",,,,,,,,$0,
Seokha,South Korea,Applications,https://www.seokha.co.kr/,,,Food,"Snacks and seasoning,Dried/raw seaweed",,,,,$0,
Seonjin Fisheries Association,South Korea,"Farming & harvesting,Applications",https://seonjinsea.modoo.at/,,,Food,"Snacks and seasoning,Dried/raw seaweed",,,,,$0,
Setexam,Morocco,"Applications,Farming & harvesting",http://www.setexam.com/,Gelidium sesquipedale,Wild harvesting,Hydrocolloids,Agar,,,1960,checked,$0,Mature / Public
Seungdeok Fisheries Association,South Korea,Applications,https://www.jobkorea.co.kr/company/42769668,,,Food,"Snacks and seasoning,Dried/raw seaweed",,,,,$0,
Sewha Seafood,South Korea,Applications,https://sewhaseafood.com/,,,Food,"Snacks and seasoning,Dried/raw seaweed",,,,,$0,
SFTec,Finland,Processing,https://sftec.fi/tuotteet/modheat?lang=en,,,,Whole-plant,,,,,$0,Pilot / Demonstration
Shamrock Farm Enterprises,Ireland,Applications,https://www.shamrockfarmenterprises.com/,Lithothamnium calcareum,,Feed,Livestock feed,,,,,$0,
"Shandong Enbao Biological Technology Co., Ltd. (""Enbao"")",China,"Applications,Farming & harvesting",https://www.sdenbao.com/,Ulva intestinalis,,Plant & soil nutrition,Alginate,,,2008,,$0,
Shandong Gangyuan Marine Biological Engineering Co. Ltd.,China,Applications,https://discovery-patsnap-com.libproxy1.nus.edu.sg/company/shandong-gangyuan-marine-biological-engineering,,,,,,,2013,,$0,
"Shandong Haizhibao Ocean Technology Co., Ltd.",China,"Farming & harvesting,Applications",http://www.haizhibao.net/,Saccharina sp.,,Food,"Dried/raw seaweed,Snacks and seasoning",,,2008,,$0,
Shandong Jiejing Group,China,Applications,http://www.china-jiejing.com/,,,"Pharmaceuticals,Hydrocolloids,Plant & soil nutrition","Fucoidans,Alginate",,,1968,,$0,
Shandong Oriental Ocean Sci-Tech Co Ltd,China,Farming & harvesting,https://www.orientalocean.com/,,,,,,,,,$0,
"Shandong Sea Related Marine Biotechnology Co., Ltd.",China,Applications,http://www.shehaikeji.com/,,,"Bioplastics / biomaterials,Plant & soil nutrition",,,,,,$0,
"Shanghai Beilian Foodstuff Co., Ltd",China,"Farming & harvesting,Applications",https://www.21food.com/showroom/3187/aboutus/shanghai-beilian-foodstuff-co.-ltd..html,,,Hydrocolloids,Carrageenan,,,,,$0,
Shemberg,Philippines,Applications,https://www.shemberg.com.ph/,,,Hydrocolloids,Carrageenan,,,,,$0,
Shimauma Co.,Japan,Applications,http://www.shimauma.jp/,,,Food,Dried/raw seaweed,,,,,$0,
Shimizu,Japan,Applications,https://shimizunori.co.jp/,,,Food,Dried/raw seaweed,,,,,$0,
Shimizu Co.,Japan,Applications,https://www.kkshimizu.jp/index.html,,,Food,Dried/raw seaweed,,,,,$0,
Shinan1004,South Korea,Applications,https://shinan1004mall.kr/,,,Food,"Snacks and seasoning,Dried/raw seaweed",,,,,$0,
Shinkyo,Japan,Applications,https://www.shinkyo-ind.co.jp/,Ascophyllum nodosum,,"Nutraceuticals,Feed,Plant & soil nutrition",,,,,,$0,
Shinnecock Kelp Farmers,USA,"Farming & harvesting,Breeding & propagation",https://www.shinnecockkelpfarmers.com/,,Aquaculture,,,,,2020,,$0,
Shirako,Japan,Applications,https://www.shirako-nori.co.jp/,Porphyra sp.,,,,,,,,$0,
Shirako Nori,Japan,Applications,https://www.shirako-nori.co.jp/,,,Food,Dried/raw seaweed,,,,,$0,
Shore,UK,Applications,https://shoreseaweed.com/,,,Food,Snacks and seasoning,"The Scottish Investment Bank,Highlands and Islands Enterprise",,2014,checked,"$2,300,000",Validation / Traction
Shorefast,Canada,Multi-stakeholder platform,https://shorefast.org/,,,,,,Improving farmers' lives,,,$0,
ShunyTech,South Korea,Infrastructure & equipment,https://shuny.co.kr/,,,,,"Yuhan-Kimberly Green Impact Fund,Korea Venture Investment Corp.",,2023,checked,$0,Pilot / Demonstration
Simonds Consulting,USA,Consulting,https://www.jsimonds.com/about,,,,,,,,,$0,
Sinar Kentjana Surabaya,Indonesia,Applications,https://www.daftarperusahaan.com/bisnis/sinar-kencana-surabaya-pt,,Aquaculture,Hydrocolloids,Agar,,,,,$0,
Sink-It (pivot),Netherlands,Applications,https://www.sinkit.org/,Sargassum sp.,Wild harvesting,"Carbon sequestration,HABs",Biochar / hydrochar,,,2021,checked,$0,Pivot away from seaweed
Sirputis,Lithuania,Infrastructure & equipment,https://sirputis.com/,,,,,Valinor,,2019,checked,$0,Validation / Traction
Sita Verde / Suez,Guadeloupe,Applications,https://www.suez.fr/fr-fr/notre-offre/succes-commerciaux/nos-references/valorisation-des-sargasses,Sargassum sp.,,"HABs,Plant & soil nutrition,Energy",,,,,,$0,
Sitangkai Seaweeds Export Company,Philippines,Farming & harvesting,,,Aquaculture,,,,,,,$0,
SJØBJØRG AS,Norway,"Farming & harvesting,Applications",https://www.sjobjorg.com/,Ascophyllum nodosum,Wild harvesting,Nutraceuticals,,,,,,$0,
Sjøgård - the Sea Farm,Norway,Farming & harvesting,https://sjogaard.org/,,,,,,,,,$0,
Sjosaker (Tekslo Seafood),Norway,"Applications,Farming & harvesting",https://www.sjosaker.no/,"Laminaria hyperborea,Chondrus crispus,Himanthalia sp.,Palmaria sp.,Ulva lactuca,Alaria esculenta,Saccharina latissima,Ascophyllum nodosum",Wild harvesting,Food,"Snacks and seasoning,Seaweed added to traditional product","Crowdfunding,Connect BAN Bergen,Blue Bio Value",,2016,checked,"$1,255,000",Validation / Traction
Sjy Seaweed,Norway,Applications,https://www.sjyseaweed.no/,,,Food,Snacks and seasoning,,,2019,checked,$0,Validation / Traction
Smartfiber,Germany,Applications,https://smartfiber.de/,,,Textiles,,"EASME - EU Executive Agency for SMEs,ASICS",,2005,checked,$0,Scale-up / Industrialisation
Smithereen Farm,USA,Farming & harvesting,https://www.smithereenfarm.com/,,"Aquaculture,Wild harvesting",,,,,,,$0,
SMO Solar Process (zombie),Guadeloupe,"Processing,Applications",https://www.smosolarprocess.com/,Sargassum sp.,,"Plant & soil nutrition,Energy",Biorefinery,ZEBOX,,2020,checked,$0,Failed / Zombie
Snap Natural & Alginate Products,India,Applications,https://snapalginate.com/,"Sargassum sp.,Kappaphycus alvarezii,Turbinaria sp.","Wild harvesting,Aquaculture",Hydrocolloids,"Alginate,Carrageenan",,,1979,checked,$0,Mature / Public
SNP ,USA,Applications,https://www.snpinc.com/,,,Hydrocolloids,Alginate,,,1993,,$0,
Soarce,USA,Applications,https://www.soarceusa.com/,,,"""Pigments, inks, dyes, coatings""",,"Blue Action Accelerator,Founders Factory,Boost VC",,2017,checked,"$1,450,000",Validation / Traction
Sobigel,France,Applications,http://www.sobigel.com/,Gelidium sesquipedale,,Hydrocolloids,Agar,,,,,$0,
Softseaweed,Norway,Monitoring tech & software,https://softseaweed.com/,,,,,Katapult Ocean,,2021,checked,$0,Validation / Traction
Sollmar,Norway,Applications,https://www.sollmar.com/,Palmaria palmata,,Personal care,,,,,,$0,
Solrod Biogas,Denmark,Applications,https://solrodbiogas.dk/,,,Energy,Biofuel,,,,,$0,
SOS Biotech,Dominican Republic,"Applications,Processing",https://sosbiotech.co/,Sargassum sp.,,"Personal care,Plant & soil nutrition,Feed",,,,2024,checked,$0,Pilot / Demonstration
SOS Carbon ,Dominican Republic,"Farming & harvesting,Applications",https://soscarbon.com/,Sargassum sp.,Wild harvesting,HABs,,,,2020,checked,$0,Validation / Traction
South Coast Seaweed,Australia,Farming & harvesting,https://southcoastseaweed.com.au/,,Wild harvesting,,,,,,,$0,
South Fujian Agar Co.Ltd.,China,"Farming & harvesting,Applications",http://www.rosinnet.com/yellowpages/6892/,,,Hydrocolloids,Agar,,,,,$0,
Southeast Conference,USA,Multi-stakeholder platform,https://www.seconference.org/,,,,,,Growing the industry,,,$0,
Southern Ocean Carbon Company,Australia,Consulting,https://www.southernoceancarbon.com/,,Aquaculture,,,ADEC,,2020,,$0,
Southern Seagreens,Australia,"Farming & harvesting,Breeding & propagation",https://southernseagreens.com/,Undaria Pinnatifida,"Wild harvesting,Nearshore",,,,,2021,,$0,
Souto Ocean Culture,Sweden,Farming & harvesting,https://www.souto-ocean.com/,,,,,,,2022,,$0,
SOVALG,Madagascar,Farming & harvesting,,Kappaphycus alvarezii,"Aquaculture,Nearshore",,,,,,,$0,
sozyë (Cocofina),UK,Applications,https://sozye.com/,,,Food,Snacks and seasoning,,,2022,checked,$0,Validation / Traction
Spinnaker Sea Farms,USA,Farming & harvesting,https://www.spinnakerseafarms.com/,,"Aquaculture,IMTA,Nearshore",,,,,,,$0,
SPORA,Mexico,Conservation & restoration,https://news.ucsc.edu/2022/04/kelp-restoration.html,,,,,,,,,$0,
Springtide Innovations,USA,"Breeding & propagation,Infrastructure & equipment",https://www.springtideinnovations.com/,,,,,,,,,$0,
Springtide Seaweed,USA,Farming & harvesting,https://www.springtideseaweed.com/,,Aquaculture,,,,,2017,,$0,
Sri Gunting Pratama ,Indonesia,Applications,https://www.sriguntingpratama.com/,,Aquaculture,Hydrocolloids,,,,,,$0,
Srinivasa Marine Chemicals,India,Applications,https://in.kompass.com/c/srinivasa-marine-chemicals/in736083/,,,"Hydrocolloids,Plant & soil nutrition",Alginate,,,,,$0,
Stem Cell United (failed),Singapore,"Farming & harvesting,Applications",,Caulerpa lentillifera,"Aquaculture,Onshore",Food,,,,2015,checked,$0,Failed / Zombie
Stonington Kelp Co,USA,Farming & harvesting,https://www.stoningtonkelpco.com/,Saccharina latissima,Aquaculture,,,,,,,$0,
Storm Organic Plant Nutrition,Canada,"Applications,Farming & harvesting",https://www.stormplantfood.ca/,,Wild harvesting,Plant & soil nutrition,,,,2023,,$0,
STP Group,Vietnam,"Farming & harvesting,Infrastructure & equipment",https://stpgroup.com.vn/stp-invest-dau-tu-ben-vung-dau-tu-xanh/,Kappaphycus alvarezii,Aquaculture,,,,,,,$0,
Submariner Network,Germany,"Multi-stakeholder platform,Research",https://submariner-network.eu/,,,,,,Research platform,,,$0,
Suehiro Konbu Co.,Japan,Applications,http://www.yaya.co.jp/suehiro-konbu.htm,,,Food,Dried/raw seaweed,,,,,$0,
Suenaga Kaisan,Japan,Applications,http://www.suenaga.co.jp/,,,Food,Dried/raw seaweed,,,,,$0,
Sung Gyung Food Co,South Korea,Applications,http://en.sgkim.co.kr/,,,Food,"Snacks and seasoning,Dried/raw seaweed",,,,,$0,
Sunil Products,South Korea,Applications,https://www.sunil.kim/,,,Food,"Snacks and seasoning,Dried/raw seaweed",,,,,$0,
Sunken Seaweed,USA,Farming & harvesting,https://www.sunkenseaweed.com/,"Ulva lactuca,Gracilaria sp.,Palmaria sp.,Macrocystis tenuifolia","Aquaculture,Onshore,Nearshore",Food,,,,2017,checked,$0,Validation / Traction
Sunshiki,Japan,"Farming & harvesting,Applications",https://www.sunshiki.com/,Asparagopsis sp.,,Feed,Livestock methane reduction,,,2024,checked,$0,Research / product development
Supercarb,USA,Applications,https://www.supercarb.tech/,,,Textiles,,,,2024,checked,$0,Pilot / Demonstration
Suralgas,Spain,Farming & harvesting,http://suralgas.com/,"Codium sp.,Gracilaria sp.,Ulva sp.",Wild harvesting,Food,,,,,,$0,
SUREAQUA,Norway,"Multi-stakeholder platform,Research",https://www.nordforsk.org/projects/nordic-centre-sustainable-and-resilient-aquatic-production-sureaqua-0,,,,,,Research platform,,,$0,
Surge Seaweed,USA,Farming & harvesting,https://surgeseaweed.com/,"Palmaria palmata,Ulva sp.,Caulerpa lentillifera,Undaria Pinnatifida,Gracilaria sp.","Aquaculture,Onshore",,,,,2021,checked,$0,Pilot / Demonstration
Surya Indoalgas,Indonesia,Applications,https://indoalgas.co.id/,,Aquaculture,Hydrocolloids,Agar,,,,,$0,
Sustainable Sea Products,USA,Applications,https://www.sustainableseaproducts.co/,,,Bioplastics / biomaterials,,,,2022,checked,$0,Pilot / Demonstration
Swallow Globe (PT Dunia Bintang Wallet),Indonesia,Applications,https://swallow-globe.co.id/main/,,,Hydrocolloids,Agar,,,,,$0,
Sway,USA,Applications,https://swaythefuture.com/,,,Bioplastics / biomaterials,,"Sustainable Ocean Alliance,Valor Siren Ventures,BAM Ventures,C3 Capital,Centre Street Partners,Conservation International Ventures,Alante Capital,Katapult Ocean,Third Nature Ventures,Superorganism,The Helm",,2020,checked,"$7,500,000",Pilot / Demonstration
SWD Connectors,Netherlands,Consulting,http://www.swdconnectors.com/,,,,,,,,,$0,
Swedish Seaweed,Sweden,Farming & harvesting,https://swedishseaweed.com/,,,,,,,2024,,$0,
SWF,Japan,Applications,https://swf.jp/zigyo/,,,Personal care,,,,,,$0,
Symbiomer,France,Farming & harvesting,https://www.symbiomer.com/,"Laminaria sp.,Palmaria sp.,Himanthalia elongata,Ascophyllum nodosum","Aquaculture,Wild harvesting,IMTA",,,,,2017,checked,$0,Validation / Traction
Symbrosia,USA,Farming & harvesting,https://symbrosia.co/,Asparagopsis sp.,Aquaculture,Feed,Livestock methane reduction,"Hatch,Pacific 6 Enterprises,Danone Manifesto Ventures,Mana Up,Presidio Ventures,Sea Ahead",,2018,checked,"$7,000,000",Pilot / Demonstration
Synergraze,Canada,Applications,https://synergraze.com/,,,Feed,Livestock methane reduction,,,,,$0,
Synoxis Algae,France,Infrastructure & equipment,https://www.synoxis-algae.com/,,,,,,,,,$0,
Tacara,Malaysia,Applications,http://tacara.com.my/,,,Hydrocolloids,Carrageenan,,,,,$0,
Takaokaya,Japan,Applications,http://www.takaokaya.com/,Porphyra sp.,,Food,Dried/raw seaweed,,,,,$0,
Tamamo Co.,Japan,Applications,https://www.rakuten.co.jp/tamamo/info.html,,,Food,Dried/raw seaweed,,,1967,,$0,
Tångkullan,Sweden,Farming & harvesting,https://tangkullan.se/,,Aquaculture,,,,,,,$0,
Tango Seaweed AS (failed),Norway,Farming & harvesting,,"Alaria esculenta,Saccharina latissima",Aquaculture,Food,,"We come from the sea,Angel investors (various)",,2016,checked,$0,Failed / Zombie
Tao Kae Noi,Thailand,Applications,,,,Food,Snacks and seasoning,,,2004,checked,$0,Mature / Public
Taramar,Iceland,Applications,https://taramar.com/,,,Personal care,,Technology Development Fund,,2010,checked,$0,Scale-up / Industrialisation
Tarevoktere,Norway,Conservation & restoration,https://www.tarevoktere.org/,,,,,,,,,$0,
TARI,Faroe Islands,Farming & harvesting,https://tari.fo/,"Saccharina latissima,Alaria esculenta",Aquaculture,Food,,,,,,$0,
Taskelp,Australia,"Farming & harvesting,Applications",https://taskelp.com/,Durvillaea potatorum,Wild harvesting,Plant & soil nutrition,,,,,,$0,
Tassal,Australia,Farming & harvesting,https://www.tassal.com.au/,,"Aquaculture,IMTA",,,,,,,$0,
TBIO,China,Applications,http://www.tbio.cn/,,,Plant & soil nutrition,,,,,,$0,
TBK Manufacturing Corp.,Philippines,Applications,https://www.tbk.com.ph/,,,Hydrocolloids,Carrageenan,,,,,$0,
Te Huata,New Zealand,"Farming & harvesting,Breeding & propagation",,,,,,,,,,$0,
"Tengzhou Tongda Algae Engineering Technology Co., Ltd",China,Applications,www.yunxinhaizao.com,,,Hydrocolloids,Carrageenan,,,1999,,$0,
Ter-Mer Rodrigues,Mauritius,Farming & harvesting,https://ter-merrodriguez.org/,Gracilaria salicornia,,,,,,,,$0,
TG Shian Wang Food,Thailand,Applications,https://www.tgsw-seaweed.com/,,,Food,Snacks and seasoning,,,2017,checked,$0,Validation / Traction
Thalado (Le Comptoir des Algues),France,Applications,https://www.thalado.fr/en/,,,Personal care,,,,,,$0,
Thalasso Ocean,Mexico,"Infrastructure & equipment,Applications,Farming & harvesting,Processing",https://www.thalassoocean.com/,Sargassum sp.,Wild harvesting,"Plant & soil nutrition,Hydrocolloids,HABs,Feed",Biorefinery,"Innovation Norway,Aksello,Seaworthy Collective,Blue Bio Value,Flow Ventures,Rumbo Ventures",,2021,checked,"$320,000",Pilot / Demonstration
Thalgo,France,Applications,https://www.thalgo.fr/,,,Personal care,,,,,,$0,
The Algae Store,India,Distribution,https://www.algaestore.in/,,,,,,,2024,,$0,
The Aquaculture Group,Singapore,Farming & harvesting,https://aquaculture.group/,,Aquaculture,Plant & soil nutrition,,,,2020,checked,$0,Research / product development
The Bay Foundation,USA,Conservation & restoration,https://www.santamonicabay.org/what-we-do/projects/kelp-forest-restoration-project/,,,,,,,,,$0,
The Carbon Sea Garden,UK,Farming & harvesting,https://www.thecarbonseagarden.co.uk/,,Aquaculture,,,,,,,$0,
The Cornish Seaweed Company Ltd,UK,Farming & harvesting,https://www.cornishseaweed.co.uk/,"Chondrus sp.,Himanthalia sp.,Palmaria sp.,Porphyra sp.,Saccharina sp.,Ulva sp.","Wild harvesting,Aquaculture",Food,,,,,,$0,
The Crop Project,USA,"Processing,Distribution",https://www.thecropproject.com/,,,,Whole-plant,"Norfolk Green Ventures,Susquehanna Foundation,Food Foundry,Hatch,Launch Alaska,Sea Ahead",,2021,checked,"$1,500,000",Validation / Traction
The Good Ocean,India,Farming & harvesting,https://www.thegoodocean.in/,Sargassum sp.,Wild harvesting,Food,,,,2022,,$0,
The Irish Seaweed Company,Ireland,Farming & harvesting,https://irishseaweed.co.uk/,"Alaria esculenta,Chondrus crispus,Himanthalia elongata,Laminaria digitata,Palmaria palmata,Saccharina latissima,Ulva lactuca",Wild harvesting,Food,,,,,,$0,
The Kalup Project,Canada,Farming & harvesting,https://kalup.ca/,,,,,,,2024,,$0,
The Kelp Fund,USA,Multi-stakeholder platform,https://www.eatmorekelp.com/,,,,,,Growing the industry,,,$0,
The Kelp Rescue Initiative,Canada,Conservation & restoration,https://kelprescue.org/,,,,,,,2021,,$0,
The Korean Seaweed Industry Federation,South Korea,Multi-stakeholder platform,http://kolia.org/,,,,,,Producers association,,,$0,
The Nature Conservancy,USA,Conservation & restoration,https://www.nature.org/en-us/,,,,,,,,,$0,
The Northern Company,Norway,Farming & harvesting,https://www.northerncompany.no/,,Wild harvesting,Food,,,,2010,,$0,
The Ocean Cleaner,France,Farming & harvesting,https://theoceancleaner.fr/,Sargassum sp.,Wild harvesting,HABs,,,,2021,checked,$0,Validation / Traction
The Pembrokeshire Beach Food Company,UK,"Applications,Farming & harvesting",https://beachfood.co.uk/,,Wild harvesting,Food,Snacks and seasoning,,,2010,,$0,
The Sea Gardener,Ireland,Applications,https://www.linkedin.com/in/marie-power-63696235/,,,Food,,,,,,$0,
The Seas We Love,Mexico,"Farming & harvesting,Multi-stakeholder platform",https://www.tswl.mx/,Sargassum sp.,Wild harvesting,HABs,,,,2024,,$0,
The Seaweed Alliance,UK,Multi-stakeholder platform,http://seaweedforumwales.org.uk/,,,,,,Growing the industry,,,$0,
The Seaweed Centre,Ireland,Applications,https://www.theseaweedcentre.com/,,,,,,,,,$0,
The Seaweed Company,Netherlands,"Farming & harvesting,Applications",https://www.theseaweedcompany.com/,"Alaria sp.,Gracilaria sp.,Ulva sp.,Saccharina latissima,Palmaria palmata,Undaria sp.,Ascophyllum nodosum,Codium sp.,Himanthalia sp.","Aquaculture,Wild harvesting","Plant & soil nutrition,Food,Feed",,Colruyt,,2018,checked,$0,Pilot / Demonstration
The Seaweed Enterprise,Israel,Farming & harvesting,https://theseaweedenterprise.com/,,"Aquaculture,Onshore",,,,,2022,checked,$0,Research / product development
The Seaweed Food Co.,UK,"Farming & harvesting,Applications",https://theseaweedfoodcompany.com/,,Wild harvesting,Food,Snacks and seasoning,,,2020,,$0,
The Transformation Factory,USA,Applications,https://seamosstransformation.com/,Chondrus crispus,,Nutraceuticals,,Angel investors (various),,2020,checked,"$600,000",Validation / Traction
Thimble Island Ocean Farm,USA,Farming & harvesting,https://www.thimbleislandoceanfarm.com/,,"Aquaculture,IMTA",Food,,,,,,$0,
This is Seaweed (failed),Ireland,Processing,,,,,Biorefinery,,,2015,checked,$0,Failed / Zombie
Thomsea,France,Farming & harvesting,https://www.thomsea.fr/,"Sargassum sp.,Solieria sp.,Ulva sp.",Wild harvesting,HABs,,,,2003,checked,$0,Mature / Public
Thorverk (Þörungaverksmiðjan),Iceland,Farming & harvesting,https://www.thorverk.is/,"Ascophyllum nodosum,Laminaria digitata",Wild harvesting,,,,,1986,,$0,
Thorvin,USA,Applications,http://thorvin.com/,,,"Plant & soil nutrition,Feed",,,,,,$0,
Ting med Tang,Norway,Farming & harvesting,https://tingmedtang.no/,"Alaria esculenta,Ascophyllum nodosum,Chondrus crispus,Fucus serratus,Fucus vesiculosus,Laminaria digitata,Palmaria palmata,Saccharina latissima,Ulva sp.,Ulva lactuca,Vertebrata lanosa",Wild harvesting,,,,,,,$0,
TNO Seaweed processing facility,Netherlands,"Research,Processing",https://www.tno.nl/en/technology-science/labs/seaweed-lab/,,,,Biorefinery,,,,,$0,
Tohei Kombu Seaweed Co.,Japan,Applications,http://www.tohira.com/,,,Food,Dried/raw seaweed,,,1897,,$0,
Tokai Denpun Co.,Japan,Applications,http://www.tdc-net.co.jp/,,,Food,Dried/raw seaweed,,,,,$0,
Tokan Co.,Japan,Applications,https://www.tokan-g.co.jp/,,,Food,Dried/raw seaweed,,,,,$0,
Tokon Co.,Japan,Applications,http://www1a.biglobe.ne.jp/tohkonn/top.html,,,Food,Dried/raw seaweed,,,,,$0,
Tonnerre de Brest,France,Applications,https://www.tonnerre-de-brest.com/en/,,,Food,,,,,,$0,
Topmo Lanka,Sri Lanka,Farming & harvesting,https://www.topmolanka.com/,,,,,,,,,$0,
Toyota,Japan,Applications,https://www.asahi.com/articles/ASP4R4SYBP4HOIPE02G.html,,,Bioplastics / biomaterials,,,,,,$0,
Trading Room,Philippines,"Farming & harvesting,Applications",https://www.tradingroom.ph/,Ulva sp.,Wild harvesting,"Plant & soil nutrition,Feed,Personal care",Aquafeed,,,2012,checked,$0,Validation / Traction
Tri Tin,Vietnam,"Farming & harvesting,Applications",https://tritinseagrapes.com/en/,Caulerpa lentillifera,"Onshore,Aquaculture",Food,,,,2002,,$0,
Trishul Biotech,India,Applications,https://trishulbiotech.com/,,,Plant & soil nutrition,,,,2017,checked,$0,Validation / Traction
Triton Foods,Japan,Applications,https://www.triton-foods.com/,,,Food,,,,,,$0,
Trophic / TROFX,USA,Infrastructure & equipment,https://www.trophic.tech/,,"Aquaculture,Offshore",,,"ARPA-E,Activate",,2018,checked,$0,Pilot / Demonstration
Tropical Seaweed Innovation Network,Indonesia,Multi-stakeholder platform,https://seaweednetwork.id/,,,,,,Research platform,,,$0,
Turquoise Revolution,Canada,Distribution,https://turquoiserevolution.ca/,,,,,Ocean Startup Challenge,,2020,,$0,
Uist Asco,UK,Farming & harvesting,https://www.uistasco.com/,Ascophyllum nodosum,Wild harvesting,,,,,,,$0,
Ultrakelp,Canada,Applications,https://ultrakelp.ca/,Ascophyllum nodosum,,"Feed,Plant & soil nutrition",,,,,,$0,
Uluu,Australia,Applications,https://www.uluu.com.au/,,,Bioplastics / biomaterials,,"Startmate,Main Sequence,Alberts Impact Capital,The Eights,Mistletoe,Possible Ventures",,2020,checked,"$6,335,000",Pilot / Demonstration
Umameats (failed),Netherlands,Applications,,,,Food,Seaweed added to traditional product,EIT Climate-KIC,,2019,checked,$0,Failed / Zombie
Umaro,USA,Applications,https://www.umarofoods.com/,Palmaria sp.,,Food,Meat substitute,"ARPA-E,Activate,Agfunder,Alexandria Venture Investments,Clear Current Capital,Impact Science Ventures,Ponderosa Ventures,Sustainable Food Ventures,Climate Capital Bio",,2018,checked,"$7,800,000",Pilot / Demonstration
Umino Kaisou,Japan,Applications,http://uminokaisou.jp/abouts/,,,Food,Dried/raw seaweed,,,,,$0,
Umitron,Japan,Monitoring tech & software,https://umitron.com/mission.html,,,,,,,,,$0,
Uncommon Alchemy,UK,Applications,https://www.uncommon-alchemy.co.uk/,,,Textiles,,,,2020,checked,$0,Research / product development
Uncracked,USA,Applications,https://www.eatuncracked.com,,,Food,Food ingredients,,,2024,checked,$0,Pilot / Demonstration
Under Ytan,Finland,Farming & harvesting,,,,,,,,2022,checked,$0,Research / product development
Unidade Bioquímica Lda (UBQ II),Portugal,Farming & harvesting,https://www.ubqmadeira.com/,"Asparagopsis taxiformis,Halopteris scoparia,Ulva sp.","Wild harvesting,Aquaculture",,,EASME - EU Executive Agency for SMEs,,,,$0,
Urban Farms,Indonesia,Farming & harvesting,https://urbanfarms.co.id/,"Asparagopsis sp.,Kappaphycus alvarezii",Aquaculture,,,,,2018,,$0,
Urchinomics,Netherlands,Conservation & restoration,https://www.urchinomics.com/,,,,Urchin removal,"Builders Vision,ENEOS Group,Cadman Capital Group,Bright Tide Ocean/Blue Carbon Accelerator,Sustainable Ocean Alliance",,2017,checked,"$5,780,000",Scale-up / Industrialisation
Uwabe Food Industry Co.,Japan,Applications,https://www.uwabe.co.jp/,,,Food,Dried/raw seaweed,,,,,$0,
Variodin,Germany,Applications,https://variodin.ag/,Sargassum sp.,,"Energy,Plant & soil nutrition","Biochar / hydrochar,Biofuel",,,2023,checked,$0,Research / product development
Vashon Kelp Forest,USA,Farming & harvesting,https://www.vashonkelpforest.com/,"Saccharina latissima,Nereocystis luetkeana","Nearshore,Aquaculture",,,,,,,$0,
Veerfar,USA,Applications,https://veerfar.com/,Saccharina latissima,,Nutraceuticals,,,,2021,checked,$0,Validation / Traction
Veganz,Germany,Applications,https://veganz.com/,,,Food,,,,,,$0,
Ventuno,Japan,"Farming & harvesting,Applications",https://ventuno.com/en,,Aquaculture,"Nutraceuticals,Personal care",Fucoidans,,,1990,checked,$0,Mature / Public
Venus Shell Systems / PhycoHealth,Australia,"Farming & harvesting,Applications",https://www.venusshellsystems.com.au/,,"Aquaculture,Onshore","Nutraceuticals,Pharmaceuticals,Food,Personal care",,Crowdfunding,,2014,checked,"$450,000",Scale-up / Industrialisation
Vertical Oceans,Singapore,Farming & harvesting,https://www.verticaloceans.blue/,,"Aquaculture,IMTA",,,,,,,$0,
Vesterålen Seaweed,Norway,Farming & harvesting,https://www.vseaweed.no/,,"IMTA,Aquaculture",,,,,2016,,$0,
Vetik,Estonia,Applications,https://vetik.eu/,Furcellaria lumbricalis,Wild harvesting,"""Pigments, inks, dyes, coatings"",Plant & soil nutrition",,"Blue Bio Value,EIT Climate-KIC,Beamline",,2017,checked,$0,Research / product development
Viable Gear,USA,Infrastructure & equipment,https://www.viablegearco.com/,,,,,,,2022,checked,$0,Research / product development
Viet Xo,Vietnam,Applications,https://vietxoco.com/,,,"Plant & soil nutrition,Hydrocolloids",Agar,,,,,$0,
Vietnam Seaculture Association,Vietnam,Multi-stakeholder platform,https://hiephoivsa.com.vn/english,,,,,,Producers association,,,$0,
Vikas Crop Care,India,Applications,https://vikascropcare.com/,"Ascophyllum nodosum,Kappaphycus alvarezii,Sargassum wightii",,Plant & soil nutrition,,,,1972,checked,$0,Mature / Public
Vinex Seaweed Dealers,India,Farming & harvesting,,"Kappaphycus alvarezii,Sargassum sp.","Nearshore,Wild harvesting,Aquaculture",,,,,,,$0,
Vinpai,France,Applications,https://vinpai.com/en/cosmetic/product-lines/category/masques-peel-off,,,Personal care,,,,,,$0,
Vitamin Sea,USA,Farming & harvesting,https://vitaminseaseaweed.com/,,Wild harvesting,"Food,Plant & soil nutrition",,,,2004,,$0,
Viva Maris,Germany,Applications,https://www.viva-maris.de/,,,Food,,,,,,$0,
Volta Greentech (pivoted),Sweden,"Applications,Farming & harvesting",https://www.voltagreentech.com/,Asparagopsis sp.,"Aquaculture,Onshore",Feed,Livestock methane reduction,"Kjell & Märta Beijers Foundation,Angel investors (various),Konsumentföreningen Stockholm (Coop),Novax (Axel Johnson),Protos",,2018,checked,"$4,400,000",Pivot away from seaweed
Voya Seaweed Baths,Ireland,Farming & harvesting,https://www.voyaseaweedbaths.com/,"Fucus serratus,Fucus vesiculosus,Himanthalia elongata,Laminaria digitata",Wild harvesting,Personal care,,,,,,$0,
Vu Minh Soviagar,Vietnam,Applications,https://agarvietnam.vn/,,,Hydrocolloids,Agar,,,,,$0,
Vyld,Germany,Applications,https://www.vyldness.de/,,,Bioplastics / biomaterials,,"Purpose Ventures,The Case for Her",,2021,checked,$0,Pilot / Demonstration
W Hydrocolloids,Philippines,"Farming & harvesting,Applications",https://whydrocolloids.com/,,,Hydrocolloids,Carrageenan,,,,,$0,
W.L. Gore,USA,Infrastructure & equipment,https://seaweedsolutions.com/news/press-release-gore-and-seaweed-solutions-collaborate-to-boost-seaweed-growth,,,,,,,,,$0,
Wadzilt (Waddenwier),Netherlands,"Farming & harvesting,Applications",https://www.wadzilt.nl/,Ulva sp.,"Aquaculture,Onshore","Food,Plant & soil nutrition",,,,,,$0,
Wahyu Putra Bimasakti ,Indonesia,Applications,https://www.indonesiaseaweed.com/company/wahyu-putra-bimasakti/,,Aquaculture,"Hydrocolloids,Food","Carrageenan,Snacks and seasoning",,,,,$0,
Waikaitu (NZBioActive),New Zealand,Applications,https://www.waikaitu.com/,Undaria Pinnatifida,Wild harvesting,Plant & soil nutrition,,,,,,$0,
Wakame Fresh,New Zealand,Farming & harvesting,https://wakamefresh.co.nz/,,,,,,,,,$0,
Wando Food,South Korea,Applications,https://wandofood.co.kr/,,,Food,,,,,,$0,
Wando Mulsan Co.,South Korea,"Applications,Farming & harvesting",https://www.wandobonga.com/,,,,,,,,,$0,
Wando To The World 237,South Korea,"Farming & harvesting,Applications",http://totheworld237.com/,,Nearshore,Food,Snacks and seasoning,,,2020,checked,$0,Scale-up / Industrialisation
Wando Trading Co,South Korea,Applications,http://www.wandobonga.co.kr/,,,Food,"Snacks and seasoning,Dried/raw seaweed",,,,,$0,
Wandoboy,South Korea,Applications,https://wandoboy.com/,,,Food,,,,,,$0,
Wandoda / Barozle,South Korea,Applications,https://wandoda.com/,,,Food,,,,,,$0,
Wandomom,South Korea,"Multi-stakeholder platform,Applications",https://www.wandomom.com/,"Ecklonia stolonifera,Gloiopeltis sp.,Porphyra yezoensis,Capsosiphon fulvescens,Sargassum fusiforme,Saccharina japonica",,Food,,,Producers association,,,$0,
Wavy Wonders,Denmark,Applications,https://www.wavy-wonders.com/,,,Food,Snacks and seasoning,,,2020,checked,$0,Validation / Traction
Weedoo Greenboat,USA,Infrastructure & equipment,https://www.weedooboats.com/,,,HABs,,,,,,$0,
"Wenzhou Xingbei Seaweed Food Co., Ltd",China,"Applications,Farming & harvesting",https://brand.waitui.com/736a5487b.html,,Aquaculture,Food,Livestock feed,,,2002,,$0,
West Algues,France,Farming & harvesting,https://www.westalgues.fr/,"Alaria esculenta,Undaria Pinnatifida","Wild harvesting,Aquaculture",,,,,2018,,$0,
West Coast Kelp,Canada,"Breeding & propagation,Conservation & restoration",https://westcoastkelp.ca/,,,,,,,,,$0,
West Coast Marine Bio Processing Corp. (KelpGrow),Canada,"Farming & harvesting,Applications",https://www.kelpgrow.it/,Macrocystis tenuifolia,Wild harvesting,Plant & soil nutrition,,Biolchim,,2002,,$0,
Westcountry Mussels,UK,Farming & harvesting,https://www.westcountrymussels.co.uk/,,Aquaculture,,,,,,,$0,
Whiore Enterprises,New Zealand,"Farming & harvesting,Applications",https://whiore.co.nz/,Undaria Pinnatifida,Wild harvesting,,,,,2023,checked,$0,Research / product development
Wierwaar,Netherlands,Applications,https://weedware.org/,,,Bioplastics / biomaterials,,,,2015,,$0,
Wild Atlantic Seaweed Ireland,Ireland,Farming & harvesting,https://wild-atlantic-seaweed.com/,"Laminaria digitata,Palmaria palmata,Saccharina latissima",Wild harvesting,Food,,,,,,$0,
Wild Coast Abalone,South Africa,Farming & harvesting,,"Ulva sp.,Gracilaria sp.","Aquaculture,IMTA,Onshore",Feed,,,,,,$0,
Wild Irish Seaweeds,Ireland,Farming & harvesting,https://wildirishseaweeds.com/,"Laminaria digitata,Palmaria palmata,Saccharina latissima,Chondrus crispus,Himanthalia elongata,Porphyra umbilicalis,Alaria sp.,Fucus vesiculosus,Ulva intestinalis,Ascophyllum nodosum,Ulva lactuca,Fucus serratus",Wild harvesting,"Food,Pharmaceuticals,Nutraceuticals,Personal care",Snacks and seasoning,,,2009,,$0,
Wildwier,Netherlands,Farming & harvesting,https://www.wildwier.nl/,,Wild harvesting,Food,,,,,,$0,
Winner Perkasa Indonesia Unggul,Indonesia,Farming & harvesting,,"Eucheuma denticulatum,Gracilaria sp.,Kappaphycus alvarezii","Aquaculture,Nearshore,Onshore",,,,,,,$0,
Wissi,Portugal,"Farming & harvesting,Applications",https://wissi.pt/en/,"Codium tomentosum,Ulva sp.,Himanthalia elongata,Saccharina latissima,Undaria Pinnatifida",Wild harvesting,Food,,,,2019,checked,$0,Validation / Traction
Wlex Co (Norinano),Philippines,Applications,https://wlexco.com/,,,Plant & soil nutrition,,,,2019,checked,$0,Validation / Traction
Woosung Mulsan Fisheries Association,South Korea,"Farming & harvesting,Applications",http://seavalue.co.kr/,,,Food,,,,,,$0,
World Wildlife Fund (WWF),USA,Conservation & restoration,https://wwf.org/,,,,,,,,,$0,
Xiamen Blue Ocean Algae Membrane Technology Co. (Botec),China,Applications,https://en.algaemembrane.com/,,,Bioplastics / biomaterials,,,,,checked,$0,
"Xiamen East Ocean Foods Co., Ltd",China,"Applications,Farming & harvesting",http://www.xmeastocean.com/en/index.html,Undaria sp.,,Plant & soil nutrition,,,,1997,,$0,
Xiamen Hkey Biotechnology Corp.,China,"Farming & harvesting,Applications",http://agar.cn/about.html,,,Hydrocolloids,Agar,,,,,$0,
Xiehe Foods,China,"Farming & harvesting,Applications",http://www.ntxiehe.com/,Porphyra yezoensis,,Food,Dried/raw seaweed,,,,,$0,
"XunShan Group Co., Ltd.",China,"Farming & harvesting,Applications",http://xsjt.chinaaquatic.cn/,,,"Food,Hydrocolloids",Alginate,,,,,$0,
Yamaki Co.,Japan,Applications,https://www.yamaki.co.jp/,,,Food,Dried/raw seaweed,,,,,$0,
Yamamoto Seaweed Store,Japan,Applications,https://www.yamamoto-noriten.co.jp/,,,Food,Dried/raw seaweed,,,1849,,$0,
Yamanaka Foods Co.,Japan,Applications,https://www.yamanakafoods.co.jp/index.html,,,Food,Dried/raw seaweed,,,,,$0,
Yamasaya Co.,Japan,Applications,https://www.yamasaya.co.jp/,,,Food,Dried/raw seaweed,,,,,$0,
Yamatada Co.,Japan,Applications,https://www.seaganic.co.jp/,,,Food,Dried/raw seaweed,,,,,$0,
Yangmyeong Co.,South Korea,Applications,https://ym-kr.com/,Porphyra sp.,,Food,Dried/raw seaweed,,,2017,,$0,
"Yantai Ocean Biology Co., Ltd",China,Applications,http://en.ytxinwang.com/#page1,,,Hydrocolloids,Alginate,,,1988,,$0,
Yantai Sheli Hydrocolloids Co.,China,"Farming & harvesting,Applications",http://www.sheli.com.cn/html/en/au/yt/,,,Hydrocolloids,"Agar,Carrageenan,Alginate",,,,,$0,
Yantai Xinwang Seaweed Co.,China,"Farming & harvesting,Applications",http://en.ytxinwang.com/index.html,,,Hydrocolloids,Alginate,,,,,$0,
Yantai Zhouji Marine Biotechnology Co.,China,Applications,https://www.ingredientsnetwork.com/yantai-zhouji-marine-biotechnology-co-ltd-comp316957.html,,,Hydrocolloids,Alginate,,,,,$0,
Yara,Norway,Applications,https://www.yara.com/,Ascophyllum nodosum,,Plant & soil nutrition,,,,,,$0,
Yasushi Yagi Co.,Japan,Applications,http://www3.tokai.or.jp/yagiyasu/index.html,,,Food,Dried/raw seaweed,,,,,$0,
Yelpkelp,Australia,Applications,https://yelpkelp.com/,,,Feed,Pet food,,,2021,checked,$0,Validation / Traction
Yemat,South Korea,Applications,https://yemat.creatorlink.net/,,,Food,"Snacks and seasoning,Dried/raw seaweed",,,,,$0,
Your Well (Salterra),Netherlands,"Distribution,Applications",https://www.yourwell.nl/,,,"Food,Nutraceuticals,Personal care",,,,,,$0,
Yunus Foundation,Thailand,Farming & harvesting,https://yunus-thailand.org/,Caulerpa spp.,"Aquaculture,Onshore",,,,,,,$0,
ZALG,France,Applications,https://zalg.fr/,,,Food,Snacks and seasoning,,,2021,checked,$0,Validation / Traction
ZANEA (Zanzibar East Africa Seaweed) ,Tanzania,Farming & harvesting,https://www.cpkelco.com/the-community-that-carrageenan-built-2/,Eucheuma denticulatum,Aquaculture,,,,,,,$0,
Zanque Aqua Farms,Tanzania,Farming & harvesting,,"Kappaphycus alvarezii,Eucheuma denticulatum",Aquaculture,,,,,,,$0,
Zanzibar Seaweed Corporation (ZASCO),Tanzania,"Farming & harvesting,Applications",,"Ulva sp.,Eucheuma denticulatum","Aquaculture,Wild harvesting",,,,,,,$0,
Zeefier,Netherlands,Applications,https://zeefier.eu/,,,"Textiles,""Pigments, inks, dyes, coatings""",,Blue Bio Value,,2021,checked,$0,Research / product development
Zeewaar,Netherlands,Farming & harvesting,https://www.zeewaar.nl/nl/,"Alaria esculenta,Saccharina latissima,Undaria sp.",Aquaculture,,,"Goeiegrutten,The Seaweed Company",,2013,,$0,Acquired / Merged
Zeewierkaas,Netherlands,"Applications,Farming & harvesting",https://www.zeewierkaas.nl/,,"Aquaculture,Wild harvesting",Food,Seaweed added to traditional product,,,,,$0,
Zerocircle,India,Applications,https://www.zerocircle.in/,,,Bioplastics / biomaterials,,"Trousdale Ventures,Spectrum Impact,Rainmatter Capital,VC Grid,LNB Group,7th Gen Ventures,1Crowd,Waveform Investments",,2020,checked,"$2,300,000",Pilot / Demonstration
"Zhengzhou Shengda Khumic Biotechnology Co., Ltd (Khumic)",China,Applications,https://www.khumic.com/,Ascophyllum nodosum,Wild harvesting,Plant & soil nutrition,,,,,,$0,
Zhenpai Hydrocolloids,China,Applications,https://www.zhenpai.com/,,,Hydrocolloids,"Agar,Carrageenan",,,1985,,$0,
"Zibo Wangfei Seaweed Tech. Co., Ltd",China,Applications,http://www.wangfeiseaweed.com/,,,Hydrocolloids,Alginate,,,2015,,$0,
ZJÍ Sea Wellness,Netherlands,Applications,https://www.zji.nl/,,,Personal care,,,,2021,checked,$0,Validation / Traction
